,genre,artist,track,popularity,danceability,
146,R&B,Beyoncé,Flawless Remix,69,0.639,
162,R&B,Miguel,Remember Me (Dúo),66,0.612,
183,R&B,The Weeknd,Attention,67,0.671,
205,R&B,Nao,If You Ever (feat. 6LACK),65,0.488,
243,R&B,Beyoncé,Dance for You,66,0.616,
254,R&B,Mario,Drowning,66,0.516,
272,R&B,Chris Brown,Grass Ain't Greener,67,0.644,
671,Alternative,Joji,Sanctuary,83,0.552,
673,Alternative,Joji,YEAH RIGHT,76,0.672,
681,Alternative,Oliver Tree,Hurt,71,0.561,
686,Alternative,Joji,TEST DRIVE,72,0.646,
1126,Alternative,X Ambassadors,Unsteady,74,0.389,
1154,Alternative,Jhene Aiko,Sativa,70,0.741,
1161,Alternative,KALEO,Way Down We Go,73,0.489,
1184,Alternative,The Neighbourhood,Daddy Issues,71,0.588,
1211,Alternative,Mac Ayres,Easy,69,0.722,
1213,Alternative,Dominic Fike,Açaí Bowl,65,0.687,
1232,Alternative,Hinder,Lips Of An Angel,68,0.476,
1245,Alternative,Joji,R.I.P. (feat. Trippie Redd),65,0.716,
1271,Alternative,Cautious Clay,Cold War,65,0.654,
1309,Alternative,6LACK,Seasons (feat. Khalid),67,0.605,
1313,Alternative,The Black Keys,Howlin' For You,65,0.705,
1349,Alternative,Red Hot Chili Peppers,Dark Necessities,70,0.7,
1401,Alternative,GoldLink,"U Say (feat. Tyler, The Creator & Jay Prince)",66,0.694,
1408,Alternative,The Neighbourhood,Afraid,65,0.464,
1412,Alternative,The Raconteurs,"Steady, As She Goes",67,0.524,
1416,Alternative,6LACK,Switch,67,0.664,
1490,Alternative,Passion Pit,Take a Walk,65,0.566,
1548,Alternative,Foo Fighters,Everlong - Acoustic Version,68,0.643,
1664,Alternative,Mahalia,I Wish I Missed My Ex,66,0.68,
1777,Alternative,Welshly Arms,Legendary,68,0.537,
2711,Alternative,Noname,"Shadow Man (feat. Phoelix, Smino & Saba)",59,0.611,
2876,Alternative,Alanis Morissette,Ironic - 2015 Remaster,68,0.408,
3538,Alternative,Natalia Lafourcade,Hasta la Raíz,67,0.585,
4774,Alternative,León Larregui,Brillas,70,0.625,
6243,Alternative,Zoé,Azul,65,0.516,
6377,Alternative,La Mosca Tse-Tse,Para No Verte Más,66,0.658,
6801,Alternative,Rammstein,HALLOMANN,67,0.419,
9052,Dance,benny blanco,Roses (with Juice WRLD feat. Brendon Urie),83,0.613,
9091,Dance,Ariana Grande,Side To Side,84,0.65,
9092,Dance,Halsey,Without Me (with Juice WRLD),80,0.742,
9100,Dance,Lennon Stella,La Di Da,81,0.689,
13592,Dance,DJ Khaled,No Brainer,84,0.552,
13597,Dance,Alec Benjamin,Water Fountain,75,0.723,
13628,Dance,Alessia Cara,Scars To Your Beautiful,75,0.573,
13634,Dance,Miguel,Sure Thing,74,0.684,
13635,Dance,Mario,Let Me Love You,80,0.656,
13643,Dance,James Arthur,Rewrite The Stars (with James Arthur & Anne-Marie),83,0.67,
13662,Dance,Rihanna,Take A Bow,79,0.697,
13664,Dance,Lady Gaga,Music To My Eyes,78,0.625,
13666,Dance,Meghan Trainor,Like I'm Gonna Lose You,79,0.63,
13678,Dance,Camila Cabello,Real Friends,79,0.701,
13700,Dance,Clean Bandit,Solo (feat. Demi Lovato),87,0.737,
13709,Dance,Ruel,Younger,78,0.745,
13711,Dance,OneRepublic,Counting Stars,74,0.664,
13717,Dance,James Arthur,Can I Be Him,79,0.696,
13728,Dance,Harry Styles,Sign of the Times,79,0.516,
13732,Dance,Rihanna,Bitch Better Have My Money,77,0.778,
13777,Dance,Nelly,Dilemma,78,0.725,
13783,Dance,David Guetta,2U,69,0.542,
13815,Dance,Flume,Never Be Like You (feat. Kai),69,0.444,
13836,Dance,Charlie Puth,One Call Away,69,0.667,
13896,Dance,Avicii,Hey Brother,78,0.537,
13904,Dance,Beyoncé,Drunk in Love,74,0.589,
13906,Dance,Rick Springfield,Jessie's Girl,70,0.727,
13912,Dance,Niall Horan,Too Much To Ask,78,0.509,
13962,Dance,Major Lazer,Cold Water,71,0.602,
13969,Dance,Bebe Rexha,Bad Bitch (feat. Ty Dolla $ign),70,0.656,
13988,Dance,Ashanti,Foolish,73,0.477,
14014,Dance,Taylor Swift,Wildest Dreams,65,0.553,
14020,Dance,Luis Fonsi,Despacito,69,0.665,
14021,Dance,Selena Gomez,The Heart Wants What It Wants,73,0.616,
14030,Dance,Jeremih,Planez,72,0.65,
14047,Dance,OneRepublic,Secrets,75,0.515,
14050,Dance,Niykee Heaton,Bad Intentions,72,0.743,
14054,Dance,Camila Cabello,OMG,72,0.655,
14079,Dance,James TW,Say Love,78,0.752,
14082,Dance,Nick Jonas,Close,72,0.653,
14085,Dance,Cheat Codes,No Promises (feat. Demi Lovato),68,0.739,
14133,Dance,Lana Del Rey,Lust For Life (with The Weeknd),71,0.504,
14140,Dance,Noah Cyrus,Team,69,0.663,
14141,Dance,JP Cooper,September Song,77,0.614,
14157,Dance,Ariana Grande,Thinking Bout You,70,0.507,
14161,Dance,Lady Gaga,Before I Cry,71,0.48,
14189,Dance,Jason Derulo,Whatcha Say,66,0.615,
14199,Dance,P!nk,Beautiful Trauma,73,0.412,
14230,Dance,Trey Songz,Solid,70,0.574,
14256,Dance,Jess Glynne,All I Am,77,0.74,
14258,Dance,The Chainsmokers,All We Know,72,0.662,
14279,Dance,Mariah Carey,Fantasy,67,0.671,
14295,Dance,Carly Rae Jepsen,Now That I Found You,70,0.611,
14309,Dance,Miguel,Banana Clip,67,0.638,
14310,Dance,Lana Del Rey,Cherry,69,0.449,
14363,Dance,Nicki Minaj,Feeling Myself,66,0.564,
14366,Dance,Lana Del Rey,High By The Beach,68,0.536,
14381,Dance,Ying Yang Twins,Get Low,72,0.521,
14386,Dance,Christina Perri,human,71,0.439,
14452,Dance,Ariana Grande,Bad Decisions,67,0.698,
14457,Dance,Janelle Monáe,I Like That,67,0.482,
14460,Dance,Calvin Harris,One Kiss (with Dua Lipa) - Oliver Heldens Remix,74,0.717,
14472,Dance,Kehlani,In My Feelings,65,0.556,
14485,Dance,Kid Ink,Show Me (feat. Chris Brown),71,0.711,
14512,Dance,Jess Glynne,123,71,0.707,
14515,Dance,Lady Gaga,Applause,68,0.669,
14518,Dance,Bazzi,Sober,64,0.534,
14521,Dance,Why Don't We,These Girls,67,0.71,
14525,Dance,Andy Grammer,Keep Your Head Up,66,0.674,
14546,Dance,Sia,Unstoppable,65,0.468,
14563,Dance,Harry Styles,Woman,66,0.624,
14575,Dance,Bruno Mars,Straight Up & Down,68,0.552,
14577,Dance,Beyoncé,Flawless Remix,68,0.639,
14589,Dance,Miguel,Remember Me (Dúo),66,0.612,
14600,Dance,Melanie Martinez,Pacify Her,66,0.576,
14601,Dance,Wet,11 Hours - Branchez Remix,67,0.687,
14609,Dance,Halsey,Hold Me Down,66,0.677,
14611,Dance,Troye Sivan,The Good Side,68,0.426,
14622,Dance,Harry Styles,Ever Since New York,66,0.389,
14628,Dance,Lana Del Rey,Brooklyn Baby,66,0.404,
14648,Dance,Tinashe,2 On (feat. ScHoolboy Q),69,0.742,
14654,Dance,Liam Payne,Bedroom Floor,70,0.597,
14656,Dance,David Bowie,Rebel Rebel - 2016 Remastered Version,73,0.635,
14671,Dance,Lauv,Paranoid,67,0.701,
14684,Dance,Lana Del Rey,In My Feelings,65,0.54,
14692,Dance,Passion Pit,Take a Walk,68,0.566,
14700,Dance,The Raconteurs,"Steady, As She Goes",65,0.524,
14706,Dance,Beyoncé,Dance for You,66,0.616,
14713,Dance,Lana Del Rey,White Mustang,66,0.658,
14736,Dance,Chris Brown,Grass Ain't Greener,67,0.644,
14782,Dance,OneRepublic,Good Life,69,0.636,
14805,Dance,Katy Perry,Rise,66,0.546,
14812,Dance,Passion Pit,Sleepyhead,66,0.568,
14826,Dance,The Police,Every Little Thing She Does Is Magic - Remastered 2003,65,0.535,
14839,Dance,Kim Petras,Heart to Break,66,0.74,
14874,Dance,Katy Perry,Wide Awake,67,0.514,
14885,Dance,Omarion,Post to Be (feat. Chris Brown & Jhene Aiko),70,0.733,
14897,Dance,Pitbull,Feel This Moment,67,0.673,
14933,Dance,will.i.am,Scream & Shout,72,0.772,
14947,Dance,Rihanna,You Da One,67,0.702,
14987,Dance,Meghan Trainor,FOOLISH,68,0.645,
14995,Dance,Martin Jensen,Nobody,71,0.673,
15007,Dance,Olivia O'Brien,I Don't Exist,66,0.743,
15031,Dance,Cheat Codes,Feeling of Falling,69,0.744,
15035,Dance,VÉRITÉ,Somebody Else,67,0.674,
15038,Dance,Galantis,San Francisco (with Sofia Carson),69,0.741,
15064,Dance,Halsey,Drive,64,0.571,
15089,Dance,Mike Perry,Hands,71,0.719,
15130,Dance,Greyson Chance,Low,66,0.476,
15136,Dance,Usher,Love in This Club (feat. Young Jeezy),66,0.573,
15160,Dance,Selena Gomez,Back To You - Joey Pecoraro Remix,67,0.685,
15221,Dance,Nelly Furtado,I'm Like A Bird,71,0.616,
15229,Dance,Don Diablo,Take Her Place (feat. A R I Z O N A),68,0.603,
15355,Dance,Beyoncé,Dangerously In Love,60,0.609,
15380,Dance,Justin Bieber,Never Say Never,67,0.739,
15398,Dance,David Guetta,Say My Name (feat. Bebe Rexha & J Balvin) - Lucas & Steve Remix,68,0.678,
15416,Dance,Mario,Drowning,66,0.516,
15461,Dance,Justin Timberlake,Until The End Of Time (with Beyoncé),58,0.56,
15496,Dance,Destiny's Child,Cater 2 U,63,0.605,
15525,Dance,Shawn Mendes,Lights On,66,0.706,
15687,Dance,Ellie Goulding,"Still Falling For You - From ""Bridget Jones's Baby""",68,0.43,
15689,Dance,Shawn Mendes,No Promises,66,0.619,
15738,Dance,Calvin Harris,Promises (with Sam Smith) - David Guetta Remix,68,0.588,
15757,Dance,Avicii,Broken Arrows,66,0.63,
15887,Dance,Christina Aguilera,Fall In Line,66,0.39,
15989,Dance,Avril Lavigne,I Fell In Love With The Devil,66,0.522,
16101,Dance,Dua Lipa,Genesis,67,0.715,
16108,Dance,Rihanna,Russian Roulette,66,0.48,
16170,Dance,Astrid S,Closer,68,0.531,
16180,Dance,Sasha Sloan,I’ll Be There,56,0.516,
16220,Dance,Lady Gaga,Your Song,61,0.486,
16325,Dance,10cc,I'm Not In Love,70,0.401,
16456,Dance,Kehlani,Everything Is Yours,56,0.608,
16660,Dance,Zara Larsson,Ruin My Life - Piano Version,67,0.65,
16666,Dance,Robin Schulz,OK,66,0.653,
16772,Dance,Galantis,Hunter,65,0.47,
16920,Dance,Vicetone,Fences,66,0.698,
17214,Dance,Alesso,Cool,63,0.537,
17405,Dance,Robin Schulz,Headlights (feat. Ilsey),65,0.597,
17448,Dance,Zara Larsson,I Would Like,65,0.486,
17466,Dance,Vigiland,Strangers,68,0.718,
17539,Dance,Astrid S,Emotion,70,0.402,
17568,Dance,Shakira,Inevitable,67,0.595,
17656,Dance,Lisa Stansfield,The Real Thing - Remastered,66,0.698,
17791,Dance,Lou Reed,Perfect Day,67,0.4,
18098,Dance,R3HAB,Wrong Move,67,0.722,
18234,Dance,John De Sohn,Hum With Me,67,0.653,
18241,Dance,Blonde,All Cried Out (feat. Alex Newell) - Radio Edit,65,0.657,
18488,Dance,Sonic Youth,Superstar,58,0.372,
18876,Dance,Cher,Welcome To Burlesque - Burlesque Original Motion Picture Soundtrack,46,0.666,
18996,Dance,JP Cooper,Closer,62,0.513,
19282,Dance,Kate Bush,Wuthering Heights,67,0.481,
19476,Dance,Timmy Trumpet,Oracle,67,0.689,
20454,Dance,Jack & Jack,Flights,50,0.601,
22174,Electronic,Daft Punk,One More Time,74,0.611,
22192,Electronic,Just A Gent,Limelight (NGHTMRE Remix),66,0.574,
22198,Electronic,Massive Attack,Teardrop,70,0.615,
22222,Electronic,DROELOE,Sunburn,65,0.693,
22464,Electronic,Vigiland,Strangers,68,0.718,
22595,Electronic,The Acid,Basic Instinct,46,0.737,
22814,Electronic,Kasabian,Fire,66,0.525,
23543,Electronic,Lucky Luke,F.E.E.L.,58,0.893,
40500,Folk,Hozier,Take Me to Church,76,0.566,
40513,Folk,Edward Sharpe & The Magnetic Zeros,Home,74,0.542,
40516,Folk,Hozier,No Plan,67,0.456,
40517,Folk,Vampire Weekend,Harmony Hall,76,0.653,
40528,Folk,Hozier,"Wasteland, Baby!",65,0.427,
40530,Folk,Hozier,Talk,65,0.397,
40541,Folk,Blanco White,Olalla,74,0.572,
40543,Folk,Dermot Kennedy,Lost,73,0.578,
40549,Folk,Bon Iver,Holocene,71,0.375,
40559,Folk,Amber Run,I Found,72,0.389,
40563,Folk,The Lumineers,Stubborn Love,66,0.598,
40572,Folk,Lord Huron,The Night We Met (feat. Phoebe Bridgers),74,0.424,
40576,Folk,Gregory Alan Isakov,Chemicals,71,0.608,
40583,Folk,James Taylor,Carolina in My Mind,67,0.579,
40586,Folk,Ben Howard,Only Love,74,0.545,
40608,Folk,Ben Howard,Old Pine,72,0.401,
40610,Folk,Phillip Phillips,"Gone, Gone, Gone",68,0.662,
40625,Folk,Vance Joy,Like Gold,68,0.477,
40631,Folk,Passion Pit,Take a Walk,68,0.566,
40641,Folk,Fleet Foxes,"If You Need To, Keep Time On Me",69,0.521,
40643,Folk,Gregory Alan Isakov,San Luis,69,0.567,
40652,Folk,Rosie Carney,Thousand (feat. Lisa Hannigan),68,0.676,
40655,Folk,Dermot Kennedy,After Rain,68,0.467,
40660,Folk,Mipso,People Change,69,0.374,
40662,Folk,Passion Pit,Sleepyhead,66,0.568,
40667,Folk,Dermot Kennedy,"Heartless - Recorded At RAK Studios, London",67,0.444,
40684,Folk,Villagers,Nothing Arrived - Live from Spotify London,70,0.579,
40688,Folk,Tall Heights,Spirit Cold,67,0.426,
40690,Folk,Bob Seger,Night Moves,71,0.705,
40701,Folk,Tall Heights,Horse to Water,67,0.517,
40715,Folk,Donovan Woods,"Portland, Maine",67,0.608,
40724,Folk,Gin Wigmore,Kill Of The Night,67,0.502,
40731,Folk,Dermot Kennedy,Young & Free,66,0.487,
40743,Folk,Novo Amor,State Lines,67,0.514,
40753,Folk,The National,I Need My Girl,69,0.523,
40771,Folk,Nathaniel Rateliff & The Night Sweats,S.O.B.,67,0.694,
40777,Folk,The Who,Baba O'Riley,76,0.494,
40780,Folk,Mat Kearney,Memorized,65,0.547,
40794,Folk,The Band CAMINO,14-Feb,68,0.607,
40801,Folk,Daryl Hall & John Oates,Sara Smile,65,0.592,
40811,Folk,Mahalia,I Wish I Missed My Ex,70,0.68,
40862,Folk,Mandolin Orange,Amsterdam - Recorded at Spotify Studios NYC,65,0.532,
40863,Folk,Roo Panes,Tiger Striped Sky,67,0.473,
40864,Folk,SYML,Girl - Acoustic,70,0.413,
40869,Folk,Bon Iver,Blood Bank,65,0.494,
40873,Folk,Matthew And The Atlas,Elijah,65,0.479,
40903,Folk,The Marshall Tucker Band,Can't You See,69,0.406,
40911,Folk,The Head and the Heart,Don't Dream It's Over,66,0.433,
40940,Folk,The Zombies,Time Of The Season (Mono Version),68,0.537,
40963,Folk,Yoke Lore,Truly Madly Deeply - Recorded at Spotify Studios NYC,69,0.675,
40969,Folk,Fleet Foxes,Blue Ridge Mountains,60,0.524,
40994,Folk,Hozier,Say My Name - Recorded at Spotify Studios NYC,59,0.607,
40999,Folk,Big Brother & The Holding Company,Piece of My Heart,69,0.443,
41003,Folk,Harrison Storm,Change It All,66,0.445,
41016,Folk,Steppenwolf,Born To Be Wild - Single Version,67,0.439,
41058,Folk,Riley Pearce,Brave,65,0.505,
41135,Folk,Aquilo,Thin,66,0.604,
41210,Folk,KT Tunstall,Suddenly I See,69,0.587,
41250,Folk,Bahamas,Don't You Want Me,65,0.667,
41303,Folk,Christopher Cross,Arthur's Theme (Best That You Can Do),70,0.526,
41534,Folk,The Guess Who,American Woman - Remastered,66,0.55,
41607,Folk,Alanis Morissette,Ironic - 2015 Remaster,71,0.408,
41615,Folk,Little River Band,Reminiscing - Remastered,62,0.54,
41672,Folk,Supertramp,Take The Long Way Home - 2010 Remastered,65,0.414,
41755,Folk,10cc,I'm Not In Love,70,0.401,
41832,Folk,Norah Jones,Carry On,65,0.547,
41875,Folk,Rhye,Open,65,0.551,
41898,Folk,Joshua Hyslop,Long Way Down,67,0.708,
43882,Folk,Kate Bush,Wuthering Heights,68,0.481,
45636,Blues,The Black Keys,Howlin' For You,65,0.705,
45653,Blues,The Who,Baba O'Riley,75,0.494,
45657,Blues,Cage The Elephant,Trouble,68,0.47,
45695,Blues,The Raconteurs,"Steady, As She Goes",67,0.524,
45711,Blues,Steppenwolf,Born To Be Wild - Single Version,66,0.439,
45748,Blues,Jackie Wilson,(Your Love Keeps Lifting Me) Higher & Higher,69,0.631,
45767,Blues,Welshly Arms,Legendary,68,0.537,
53890,R&B,Ty Dolla $ign,Droptop in the Rain (feat. Tory Lanez),66,0.73,
53895,R&B,The Weeknd,What You Need,65,0.657,
53906,R&B,Elijah Blake,Black and Blue,58,0.535,
53985,R&B,Rihanna,You Da One,67,0.702,
54020,R&B,Meghan Trainor,FOOLISH,68,0.645,
54026,R&B,6LACK,Sorry,66,0.423,
54042,R&B,Olivia O'Brien,I Don't Exist,66,0.743,
54115,R&B,Usher,Love in This Club (feat. Young Jeezy),66,0.573,
54131,R&B,Jungle,Beat 54 (All Good Now),66,0.646,
54133,R&B,Jorja Smith,Lost & Found,66,0.653,
54798,R&B,Noname,"Shadow Man (feat. Phoelix, Smino & Saba)",64,0.611,
54867,R&B,ROSALÍA,PIENSO EN TU MIRÁ - Cap.3: Celos,70,0.647,
54870,R&B,Beyoncé,Dangerously In Love,60,0.609,
54967,R&B,Destiny's Child,Cater 2 U,63,0.605,
55093,R&B,Ellie Goulding,"Still Falling For You - From ""Bridget Jones's Baby""",69,0.43,
56389,R&B,Christina Aguilera,Fall In Line,67,0.39,
56556,R&B,Rihanna,Russian Roulette,66,0.48,
56766,R&B,Fifth Harmony,He Like That,65,0.592,
56843,R&B,Kehlani,Everything Is Yours,57,0.608,
56985,R&B,Zara Larsson,Ruin My Life - Piano Version,67,0.65,
60885,R&B,JP Cooper,Closer,62,0.513,
61698,R&B,Yung Bleu,Know Who U Are,46,0.807,
63878,Folk,The Shins,Know Your Onion!,46,0.487,
66640,Hip-Hop,Tory Lanez,TAlk tO Me (with Rich The Kid feat. Lil Wayne) - Remix,84,0.698,
66665,Hip-Hop,2 Chainz,Rule The World (feat. Ariana Grande),80,0.592,
66691,Hip-Hop,DJ Khaled,No Brainer,84,0.552,
66692,Hip-Hop,Kendrick Lamar,All The Stars (with SZA),84,0.698,
66695,Hip-Hop,Drake,Mob Ties,80,0.755,
66697,Hip-Hop,Mac Miller,Self Care,81,0.52,
66752,Hip-Hop,KIDS SEE GHOSTS,Reborn,77,0.585,
66770,Hip-Hop,Tee Grizzley,First Day Out,75,0.587,
66773,Hip-Hop,ScHoolboy Q,X (with 2 Chainz & Saudi),77,0.768,
66784,Hip-Hop,Future,Hard Work Pays Off,77,0.736,
66814,Hip-Hop,A$AP Rocky,Sundress,77,0.721,
66845,Hip-Hop,Kodak Black,Codeine Dreaming (feat. Lil Wayne),77,0.736,
66847,Hip-Hop,Mac Miller,Hurt Feelings,76,0.69,
66849,Hip-Hop,Drake,Headlines,74,0.636,
66852,Hip-Hop,J. Cole,Power Trip,73,0.667,
66854,Hip-Hop,Childish Gambino,Feels Like Summer,76,0.554,
66858,Hip-Hop,Future,Low Life,76,0.722,
66893,Hip-Hop,Aminé,Heebiejeebies - Bonus,73,0.766,
66932,Hip-Hop,Nelly,Dilemma,78,0.725,
66938,Hip-Hop,"Tyler, The Creator",Boredom,74,0.559,
66944,Hip-Hop,Kendrick Lamar,LOYALTY. FEAT. RIHANNA.,76,0.658,
66973,Hip-Hop,SZA,Broken Clocks,74,0.684,
66992,Hip-Hop,G-Eazy,"Me, Myself & I",79,0.757,
67045,Hip-Hop,Ashanti,Foolish,73,0.477,
67057,Hip-Hop,6LACK,Switch,75,0.664,
67066,Hip-Hop,6LACK,Seasons (feat. Khalid),73,0.605,
67070,Hip-Hop,Offset,Father Of 4 (feat. Big Rube),75,0.736,
67071,Hip-Hop,Lil Peep,Benz Truck (гелик),76,0.602,
67118,Hip-Hop,NAV,Call Me,72,0.673,
67122,Hip-Hop,Mac Miller,Dunno,70,0.622,
67127,Hip-Hop,OutKast,Roses,72,0.751,
67149,Hip-Hop,Jeremih,Planez,73,0.65,
67153,Hip-Hop,A$AP Rocky,A$AP Forever,73,0.469,
67154,Hip-Hop,Ying Yang Twins,Get Low,72,0.521,
67158,Hip-Hop,Lil Peep,Runaway,74,0.399,
67162,Hip-Hop,NF,Therapy Session,70,0.693,
67165,Hip-Hop,Kid Cudi,Soundtrack 2 My Life,68,0.524,
67167,Hip-Hop,Drake,Houstatlantavegas,70,0.683,
67197,Hip-Hop,Future,Never Stop,71,0.571,
67226,Hip-Hop,Jaden Smith,SOHO,72,0.547,
67239,Hip-Hop,Future,Temptation,70,0.66,
67281,Hip-Hop,Future,Promise U That,70,0.638,
67302,Hip-Hop,6LACK,Luving U,70,0.723,
67344,Hip-Hop,CeeLo Green,Fuck You,67,0.69,
67363,Hip-Hop,Kodak Black,Too Many Years,71,0.665,
67372,Hip-Hop,Drake,Sandra’s Rose,70,0.487,
67401,Hip-Hop,Lil Peep,Broken Smile (My All),72,0.545,
67444,Hip-Hop,Ms. Lauryn Hill,Doo Wop (That Thing),74,0.535,
67449,Hip-Hop,BROCKHAMPTON,SWEET,71,0.718,
67511,Hip-Hop,Jeremih,Down On Me,72,0.7,
67546,Hip-Hop,Earl Sweatshirt,Chum,66,0.51,
67554,Hip-Hop,Ty Dolla $ign,Love U Better (feat. Lil Wayne & The-Dream),71,0.645,
67561,Hip-Hop,$uicideBoy$,Runnin' Thru The 7th With My Woadies,70,0.526,
67578,Hip-Hop,Lil Baby,Never Needed No Help,68,0.713,
67627,Hip-Hop,J. Cole,Rich Niggaz,66,0.586,
67630,Hip-Hop,Nipsey Hussle,Double Up (feat. Belly and Dom Kennedy),67,0.604,
67650,Hip-Hop,Chris Jeday,Ahora Dice,76,0.704,
67726,Hip-Hop,Lil Peep,Sunlight On Your Skin - Bonus Track,69,0.68,
67736,Hip-Hop,Kid Ink,Show Me (feat. Chris Brown),72,0.711,
67749,Hip-Hop,Kat Dahlia,I Think I'm In Love,69,0.632,
67790,Hip-Hop,Meek Mill,Almost Slipped,67,0.49,
67841,Hip-Hop,Omarion,Post to Be (feat. Chris Brown & Jhene Aiko),71,0.733,
67844,Hip-Hop,Jay Rock,Tap Out (feat. Jeremih),65,0.676,
67909,Hip-Hop,Jason Derulo,Whatcha Say,67,0.615,
67927,Hip-Hop,BROCKHAMPTON,GUMMY,67,0.687,
68035,Hip-Hop,Trey Songz,Solid,70,0.574,
68037,Hip-Hop,Chris Jeday,Ahora Dice - Real Hasta La Muerte Remix,72,0.742,
68096,Hip-Hop,KYLE,Moment (feat. Wiz Khalifa),66,0.708,
68134,Hip-Hop,Arizona Zervas,No I in Team,67,0.74,
68185,Hip-Hop,Cooliecut,Empty,66,0.707,
68241,Hip-Hop,"quickly, quickly",Getsomerest/sleepwell,68,0.637,
68256,Hip-Hop,Drake,4422,65,0.621,
68296,Hip-Hop,6LACK,Sorry,66,0.423,
68304,Hip-Hop,Jory Boy,No Te Hagas,70,0.748,
68323,Hip-Hop,Yelawolf,Till It's Gone,67,0.523,
68335,Hip-Hop,Future,Last Breath,68,0.675,
68411,Hip-Hop,Janelle Monáe,I Like That,67,0.482,
68480,Hip-Hop,Paulo Londra,Nena Maldición (feat. Lenny Tavárez),79,0.762,
68628,Hip-Hop,Wiz Khalifa,On My Level (feat. Too $hort),65,0.72,
68701,Hip-Hop,Noname,"Shadow Man (feat. Phoelix, Smino & Saba)",64,0.611,
68711,Hip-Hop,Jaden Smith,PCH,66,0.642,
68753,Hip-Hop,Justin Quiles,No Quiero Amarte (feat. Zion & Lennox),75,0.734,
68771,Hip-Hop,Jacquees,Come Thru,67,0.725,
68904,Hip-Hop,Ty Dolla $ign,Droptop in the Rain (feat. Tory Lanez),66,0.73,
69064,Hip-Hop,Pitbull,Feel This Moment,67,0.673,
69189,Hip-Hop,SAINt JHN,Reflex,66,0.692,
69419,Hip-Hop,Usher,Love in This Club (feat. Young Jeezy),66,0.573,
69748,Hip-Hop,Duki,Sin Culpa (feat. DrefQuila),82,0.641,
70653,Hip-Hop,Young Thug,She Wanna Party (feat. Millie Go Lightly),57,0.578,
77055,Children’s Music,Joji,YEAH RIGHT,81,0.672,
77060,Children’s Music,Joji,TEST DRIVE,78,0.646,
77071,Children’s Music,X Ambassadors,Unsteady,78,0.389,
77116,Children’s Music,Joji,R.I.P. (feat. Trippie Redd),71,0.716,
77117,Children’s Music,KALEO,Way Down We Go,76,0.489,
77135,Children’s Music,Solange,Jerrod,68,0.409,
77136,Children’s Music,The Neighbourhood,Daddy Issues,75,0.588,
77150,Children’s Music,Mac Ayres,Easy,73,0.722,
77190,Children’s Music,6LACK,Switch,74,0.664,
77191,Children’s Music,Hinder,Lips Of An Angel,71,0.476,
77196,Children’s Music,6LACK,Seasons (feat. Khalid),73,0.605,
77219,Children’s Music,Bush,Glycerine,66,0.437,
77227,Children’s Music,Summer Walker,CPR,71,0.693,
77241,Children’s Music,The Black Keys,Howlin' For You,69,0.705,
77260,Children’s Music,Lucky Daye,Roll Some Mo,70,0.405,
77285,Children’s Music,Solange,My Skin My Logo,69,0.724,
77288,Children’s Music,Cage The Elephant,Trouble,71,0.47,
77292,Children’s Music,6LACK,Luving U,70,0.723,
77302,Children’s Music,Red Hot Chili Peppers,Dark Necessities,75,0.7,
77305,Children’s Music,grandson,Despicable,68,0.576,
77323,Children’s Music,The Raconteurs,"Steady, As She Goes",65,0.524,
77331,Children’s Music,Grizfolk,Bob Marley,67,0.562,
77333,Children’s Music,The Neighbourhood,Afraid,69,0.464,
77335,Children’s Music,Amber Run,I Found,72,0.389,
77360,Children’s Music,H.E.R.,Carried Away,67,0.693,
77394,Children’s Music,Moon Taxi,Two High,68,0.68,
77421,Children’s Music,Nicotine's Famous Honey,Running,64,0.454,
77431,Children’s Music,Jakob Ogawa,All Your Love,66,0.568,
77444,Children’s Music,Cautious Clay,Cold War,65,0.637,
77458,Children’s Music,Foo Fighters,Everlong - Acoustic Version,72,0.643,
77472,Children’s Music,MISSIO,Bottom Of The Deep Blue Sea,66,0.573,
77480,Children’s Music,for KING & COUNTRY,joy.,67,0.68,
77502,Children’s Music,Janelle Monáe,I Like That,67,0.482,
77530,Children’s Music,Papa Roach,Elevate,70,0.666,
77535,Children’s Music,Sabrina Claudio,Unravel Me,66,0.387,
77545,Children’s Music,The Score,Revolution,66,0.572,
77572,Children’s Music,Casting Crowns,Only Jesus,66,0.572,
77599,Children’s Music,one sonic society,Great Are You Lord,66,0.492,
77601,Children’s Music,The Band CAMINO,14-Feb,68,0.607,
77609,Children’s Music,Wet,11 Hours - Branchez Remix,67,0.687,
77612,Children’s Music,Mahalia,I Wish I Missed My Ex,70,0.68,
77622,Children’s Music,Weezer,Everybody Wants To Rule The World,67,0.667,
77654,Children’s Music,Chloe x Halle,Happy Without Me,66,0.57,
77659,Children’s Music,Solange,Cranes in the Sky,67,0.719,
77667,Children’s Music,Passion Pit,Take a Walk,68,0.566,
77682,Children’s Music,Welshly Arms,Legendary,73,0.537,
77685,Children’s Music,Glass Animals,Life Itself,65,0.699,
77694,Children’s Music,Earl Sweatshirt,Chum,66,0.51,
77746,Children’s Music,Passion Pit,Sleepyhead,66,0.568,
77843,Children’s Music,Yoke Lore,Truly Madly Deeply - Recorded at Spotify Studios NYC,68,0.675,
77865,Children’s Music,6LACK,Sorry,66,0.423,
77887,Children’s Music,Michael W. Smith,Surrounded (Fight My Battles),65,0.483,
77893,Children’s Music,The Neighbourhood,Nervous,66,0.589,
77987,Children’s Music,Avenged Sevenfold,A Little Piece of Heaven,67,0.486,
78025,Children’s Music,Temple Of The Dog,Hunger Strike - 25th Anniversary Mix,66,0.384,
78063,Children’s Music,Hillsong UNITED,Touch The Sky,59,0.507,
78146,Children’s Music,CLOVES,Don't Forget About Me,66,0.494,
78149,Children’s Music,Noname,"Shadow Man (feat. Phoelix, Smino & Saba)",64,0.611,
78479,Children’s Music,Red Hot Chili Peppers,Sick Love,66,0.591,
78921,Children’s Music,Nao,If You Ever (feat. 6LACK),65,0.488,
78967,Children’s Music,Alanis Morissette,Ironic - 2015 Remaster,71,0.408,
79006,Children’s Music,Elijah Blake,Black and Blue,58,0.535,
86960,Rap,Juice WRLD,Robbery,91,0.708,
86965,Rap,Post Malone,Better Now,93,0.68,
86981,Rap,Post Malone,Psycho (feat. Ty Dolla $ign),89,0.739,
87004,Rap,Juice WRLD,Empty,76,0.725,
87029,Rap,Juice WRLD,Wasted (feat. Lil Uzi Vert),82,0.742,
87039,Rap,Post Malone,Candy Paint,84,0.67,
87043,Rap,Juice WRLD,10 Feet,69,0.674,
87062,Rap,Mac Miller,Self Care,81,0.52,
87070,Rap,Tory Lanez,TAlk tO Me (with Rich The Kid feat. Lil Wayne) - Remix,84,0.698,
87090,Rap,Kendrick Lamar,All The Stars (with SZA),84,0.698,
87146,Rap,2 Chainz,Rule The World (feat. Ariana Grande),80,0.592,
87156,Rap,Drake,Mob Ties,80,0.755,
87168,Rap,Social House,Magic In The Hamptons (feat. Lil Yachty),77,0.769,
87180,Rap,A Boogie Wit da Hoodie,Love Drugs and Sex,77,0.762,
87191,Rap,Travis Scott,Antidote,77,0.713,
87194,Rap,Mac Miller,Hurt Feelings,76,0.69,
87199,Rap,Travis Scott,WAKE UP,77,0.741,
87212,Rap,DJ Khaled,No Brainer,84,0.552,
87218,Rap,Kodak Black,Codeine Dreaming (feat. Lil Wayne),77,0.736,
87231,Rap,Trippie Redd,BANG!,75,0.715,
87235,Rap,A Boogie Wit da Hoodie,Just Like Me (feat. Young Thug),77,0.774,
87237,Rap,KIDS SEE GHOSTS,Reborn,77,0.585,
87259,Rap,G-Eazy,"Me, Myself & I",79,0.757,
87277,Rap,ScHoolboy Q,X (with 2 Chainz & Saudi),77,0.768,
87289,Rap,Mario,Let Me Love You,80,0.656,
87300,Rap,Future,Hard Work Pays Off,77,0.736,
87345,Rap,Miguel,Sure Thing,75,0.684,
87353,Rap,SZA,Broken Clocks,74,0.684,
87367,Rap,"Tyler, The Creator",Boredom,74,0.559,
87424,Rap,Kanye West,Ultralight Beam,72,0.596,
87425,Rap,Tee Grizzley,First Day Out,75,0.587,
87431,Rap,Kendrick Lamar,LOYALTY. FEAT. RIHANNA.,76,0.658,
87449,Rap,Travis Scott,90210 (feat. Kacy Hill),72,0.402,
87452,Rap,Drake,Headlines,74,0.636,
87455,Rap,J. Cole,Power Trip,73,0.667,
87456,Rap,Childish Gambino,Feels Like Summer,76,0.554,
87460,Rap,Future,Low Life,76,0.722,
87462,Rap,Post Malone,Money Made Me Do It,74,0.734,
87475,Rap,Offset,Father Of 4 (feat. Big Rube),75,0.736,
87506,Rap,The Weeknd,Die For You,78,0.586,
87511,Rap,A Boogie Wit da Hoodie,4 Min Convo (Favorite Song),73,0.705,
87513,Rap,Aminé,Heebiejeebies - Bonus,73,0.766,
87517,Rap,A$AP Rocky,Sundress,77,0.721,
87535,Rap,Amenazzy,Baby,86,0.7,
87537,Rap,Quinn XCII,U & Us,71,0.605,
87552,Rap,Quinn XCII,Tough (feat. Noah Kahan),71,0.729,
87566,Rap,Nelly,Dilemma,78,0.725,
87574,Rap,Mac Miller,Wings,72,0.656,
87587,Rap,Kanye West,Flashing Lights,68,0.634,
87604,Rap,Trippie Redd,Romeo & Juliet,71,0.609,
87629,Rap,Quinn XCII,Always Been You,70,0.731,
87645,Rap,Kid Cudi,Soundtrack 2 My Life,68,0.524,
87684,Rap,Jeremih,Planez,73,0.65,
87720,Rap,Luniz,I Got 5 On It,74,0.6,
87729,Rap,Kodak Black,Too Many Years,71,0.665,
87756,Rap,6LACK,Switch,75,0.664,
87758,Rap,Kanye West,Homecoming,66,0.679,
87765,Rap,6LACK,Seasons (feat. Khalid),73,0.605,
87771,Rap,Lil Peep,Benz Truck (гелик),76,0.602,
88557,Hip-Hop,AJ x Deno,London,71,0.743,
89525,Hip-Hop,Shakka,Man Down (feat. AlunaGeorge),69,0.726,
92158,Hip-Hop,A$AP Ferg,Let You Go,50,0.739,
92837,Indie,Halsey,Without Me (with Juice WRLD),81,0.742,
92840,Indie,Peter Manos,In My Head,80,0.499,
92845,Indie,Arctic Monkeys,Do I Wanna Know?,84,0.548,
92851,Indie,Edward Sharpe & The Magnetic Zeros,Home,74,0.542,
92857,Indie,alt-J,Breezeblocks,71,0.616,
92863,Indie,Vampire Weekend,Harmony Hall,76,0.653,
92871,Indie,G-Eazy,"Me, Myself & I",79,0.757,
92894,Indie,Ruel,Younger,78,0.745,
92897,Indie,Quinn XCII,U & Us,71,0.605,
92900,Indie,KALEO,Way Down We Go,76,0.489,
92902,Indie,Quinn XCII,Tough (feat. Noah Kahan),71,0.729,
92909,Indie,ayokay,Stay With Me,74,0.695,
92914,Indie,Amber Run,I Found,72,0.389,
92918,Indie,Quinn XCII,Always Been You,70,0.731,
92929,Indie,Dermot Kennedy,Lost,73,0.578,
92935,Indie,Mac Ayres,Easy,73,0.722,
92936,Indie,Cage The Elephant,Trouble,72,0.47,
92940,Indie,Bon Iver,Holocene,71,0.375,
92941,Indie,Flume,Never Be Like You (feat. Kai),70,0.444,
92967,Indie,Blanco White,Olalla,74,0.572,
92974,Indie,Quinn XCII,Life Must Go On,67,0.715,
92981,Indie,The Lumineers,Stubborn Love,66,0.598,
92984,Indie,Lucky Daye,Roll Some Mo,70,0.405,
92995,Indie,The Band CAMINO,14-Feb,68,0.607,
93000,Indie,Lord Huron,The Night We Met (feat. Phoebe Bridgers),74,0.424,
93005,Indie,Yoke Lore,Truly Madly Deeply - Recorded at Spotify Studios NYC,69,0.675,
93008,Indie,Moon Taxi,Two High,69,0.68,
93012,Indie,Gus Dapperton,"Prune, You Talk Funny",66,0.57,
93020,Indie,Passion Pit,Take a Walk,68,0.566,
93028,Indie,The Black Keys,Howlin' For You,70,0.705,
93031,Indie,Her's,Cool with You,66,0.533,
93036,Indie,Wet,11 Hours - Branchez Remix,67,0.687,
93048,Indie,Mac DeMarco,Still Beating,67,0.709,
93059,Indie,Passion Pit,Sleepyhead,66,0.568,
93067,Indie,Elohim,Sleepy Eyes,68,0.608,
93073,Indie,Quinn XCII,Panama,67,0.73,
93080,Indie,Fleet Foxes,"If You Need To, Keep Time On Me",69,0.521,
93081,Indie,Colter Wall,Sleeping on the Blacktop,65,0.567,
93095,Indie,James TW,Say Love,78,0.752,
93099,Indie,James Blake,Barefoot In The Park (feat. ROSALÍA),71,0.558,
93107,Indie,James Blake,I'll Come Too,68,0.661,
93127,Indie,Noah Kahan,False Confidence,73,0.417,
93129,Indie,Vance Joy,Like Gold,68,0.477,
93145,Indie,Mahalia,I Wish I Missed My Ex,70,0.68,
93148,Indie,Gregory Alan Isakov,Chemicals,71,0.608,
93151,Indie,Grizfolk,Bob Marley,67,0.562,
93158,Indie,VÉRITÉ,Somebody Else,67,0.674,
93164,Indie,Villagers,Nothing Arrived - Live from Spotify London,70,0.579,
93165,Indie,Jakob Ogawa,All Your Love,66,0.568,
93175,Indie,A R I Z O N A,Freaking Out,70,0.661,
93178,Indie,Anna Of The North,Lovers,65,0.599,
93187,Indie,Rosie Carney,Thousand (feat. Lisa Hannigan),68,0.676,
93189,Indie,Rex Orange County,4 Seasons,66,0.505,
93194,Indie,Carly Rae Jepsen,Now That I Found You,71,0.611,
93198,Indie,Dermot Kennedy,After Rain,68,0.467,
93224,Indie,Dermot Kennedy,"Heartless - Recorded At RAK Studios, London",67,0.444,
93246,Indie,Vansire,Nice to See You,65,0.539,
93253,Indie,The National,I Need My Girl,69,0.523,
93265,Indie,Nicotine's Famous Honey,Running,65,0.454,
93268,Indie,Arizona Zervas,No I in Team,67,0.74,
93285,Indie,The Head and the Heart,Don't Dream It's Over,66,0.433,
93307,Indie,Cautious Clay,Cold War,66,0.637,
93334,Indie,Craig Cardiff,Dirty Old Town,68,0.555,
93338,Indie,SYML,Girl - Acoustic,70,0.413,
93363,Indie,Ben Howard,Only Love,74,0.545,
93372,Indie,MISSIO,Bottom Of The Deep Blue Sea,67,0.573,
93374,Indie,Polo & Pan,Nanã,66,0.687,
93389,Indie,for KING & COUNTRY,joy.,67,0.68,
93395,Indie,Gregory Alan Isakov,San Luis,69,0.567,
93402,Indie,James Blake,Into The Red,66,0.508,
93410,Indie,Dermot Kennedy,Young & Free,66,0.487,
93458,Indie,Sabrina Claudio,Unravel Me,66,0.387,
93470,Indie,Ben Howard,Old Pine,72,0.401,
93504,Indie,Tall Heights,Spirit Cold,67,0.426,
93550,Indie,Tall Heights,Horse to Water,67,0.517,
93561,Indie,Halsey,Hold Me Down,66,0.677,
93604,Indie,The Raconteurs,"Steady, As She Goes",65,0.524,
93632,Indie,Chloe x Halle,Happy Without Me,66,0.57,
93653,Indie,Bryce Fox,Horns,66,0.49,
93669,Indie,Arctic Monkeys,Knee Socks,69,0.665,
93674,Indie,Fleet Foxes,Blue Ridge Mountains,60,0.524,
93680,Indie,Mipso,People Change,69,0.374,
93699,Indie,Novo Amor,State Lines,67,0.514,
93705,Indie,Bon Iver,Blood Bank,65,0.494,
93732,Indie,Harrison Storm,Change It All,66,0.445,
93775,Indie,Kim Petras,Heart to Break,66,0.74,
93855,Indie,Kings of Leon,Closer,67,0.398,
93887,Indie,Donovan Woods,"Portland, Maine",67,0.608,
93929,Indie,Aquilo,Thin,66,0.604,
93933,Indie,Olivia O'Brien,I Don't Exist,66,0.743,
93952,Indie,Carly Rae Jepsen,No Drug Like Me,65,0.553,
94004,Indie,Halsey,Drive,64,0.571,
94015,Indie,Matthew And The Atlas,Elijah,65,0.479,
94020,Indie,Roo Panes,Tiger Striped Sky,67,0.473,
94062,Indie,Møme,Aloha,68,0.613,
94071,Indie,Greyson Chance,Low,66,0.476,
94076,Indie,Kailee Morgue,Siren,60,0.603,
94105,Indie,Riley Pearce,Brave,65,0.505,
94130,Indie,Cody Simpson,Pretty Brown Eyes,66,0.653,
94150,Indie,Tep No,Toluca Lake - Imad Remix,65,0.669,
94320,Indie,Rhys,Too Good To Be True,71,0.669,
94409,Indie,Mandolin Orange,Amsterdam - Recorded at Spotify Studios NYC,65,0.532,
94413,Indie,Vera Blue,All The Pretty Girls,68,0.708,
94435,Indie,Sasha Sloan,I’ll Be There,56,0.516,
94481,Indie,The Black Keys,Little Black Submarines,66,0.365,
94482,Indie,Bahamas,Don't You Want Me,65,0.667,
94807,Indie,Sticky Fingers,How To Fly,70,0.676,
94815,Indie,The xx,On Hold,67,0.723,
94881,Indie,Cris Cab,Just Wanna Love You (feat. J. Balvin),65,0.687,
94973,Indie,Ocean Alley,Confidence,74,0.59,
95228,Indie,Nao,If You Ever (feat. 6LACK),65,0.488,
95325,Indie,Elijah Blake,Black and Blue,58,0.535,
95363,Indie,Astrid S,Closer,68,0.531,
95712,Indie,IV Of Spades,Mundo,73,0.705,
95793,Indie,Rhye,Open,65,0.551,
95931,Indie,December Avenue,Kahit Di Mo Alam,76,0.45,
96041,Indie,James TW,For You,66,0.717,
96470,Indie,Joshua Hyslop,Long Way Down,67,0.708,
96923,Children’s Music,IV Of Spades,Mundo,73,0.705,
97037,Children’s Music,GRAACE,SOS,56,0.552,
97068,Children’s Music,Natalia Lafourcade,Hasta la Raíz,72,0.585,
97099,Children’s Music,December Avenue,Kahit Di Mo Alam,75,0.45,
97318,Children’s Music,León Larregui,Brillas,73,0.625,
97616,Children’s Music,Zoé,Azul,69,0.516,
98290,Children’s Music,Unlike Pluto,Riptide (Pluto Tapes),58,0.585,
98338,Children’s Music,Heroes Del Silencio,Maldito duende,67,0.374,
98716,Children’s Music,La Mosca Tse-Tse,Para No Verte Más,71,0.658,
98754,Children’s Music,Faith No More,Easy,65,0.506,
100983,Children’s Music,Kasabian,Fire,66,0.525,
102494,Children’s Music,Sonic Youth,Superstar,58,0.372,
103331,Children’s Music,IV Of Spades,Dulo Ng Hangganan,66,0.565,
107815,Pop,Khalid,Better,88,0.596,
107821,Pop,Post Malone,Better Now,93,0.68,
107844,Pop,Post Malone,Psycho (feat. Ty Dolla $ign),89,0.739,
107869,Pop,benny blanco,Roses (with Juice WRLD feat. Brendon Urie),84,0.613,
107871,Pop,Khalid,My Bad,78,0.645,
107874,Pop,Billie Eilish,bellyache,87,0.695,
107891,Pop,Post Malone,Candy Paint,84,0.67,
107906,Pop,Billie Eilish,you should see me in a crown,85,0.697,
107927,Pop,Billie Eilish,come out and play,84,0.64,
107934,Pop,Tory Lanez,TAlk tO Me (with Rich The Kid feat. Lil Wayne) - Remix,84,0.698,
107963,Pop,Lennon Stella,La Di Da,81,0.689,
107968,Pop,Halsey,Without Me (with Juice WRLD),81,0.742,
107986,Pop,Ariana Grande,Side To Side,84,0.65,
107993,Pop,Mario,Let Me Love You,80,0.656,
108005,Pop,Billie Eilish,watch,82,0.441,
108007,Pop,Khalid,Suncity (feat. Empress Of),82,0.694,
108038,Pop,2 Chainz,Rule The World (feat. Ariana Grande),80,0.592,
108049,Pop,DJ Khaled,No Brainer,84,0.552,
108061,Pop,Joji,YEAH RIGHT,81,0.672,
108069,Pop,Mac Miller,Self Care,81,0.52,
108078,Pop,Social House,Magic In The Hamptons (feat. Lil Yachty),77,0.769,
108110,Pop,Hozier,Take Me to Church,76,0.566,
108113,Pop,Travis Scott,Antidote,77,0.713,
108119,Pop,Twenty One Pilots,Chlorine,82,0.609,
108120,Pop,Travis Scott,WAKE UP,77,0.741,
108135,Pop,X Ambassadors,Unsteady,78,0.389,
108140,Pop,Alessia Cara,Scars To Your Beautiful,76,0.573,
108143,Pop,Owl City,Fireflies,79,0.591,
108144,Pop,OneRepublic,Counting Stars,74,0.664,
108149,Pop,Ruel,Younger,78,0.745,
108182,Pop,Ed Sheeran,Photograph,86,0.614,
108199,Pop,Meghan Trainor,Like I'm Gonna Lose You,80,0.63,
108214,Pop,Miguel,Sure Thing,75,0.684,
108231,Pop,The Weeknd,Die For You,78,0.586,
108245,Pop,Joji,TEST DRIVE,78,0.646,
108249,Pop,G-Eazy,"Me, Myself & I",79,0.757,
108281,Pop,Rihanna,Take A Bow,80,0.697,
108288,Pop,James Arthur,Rewrite The Stars (with James Arthur & Anne-Marie),83,0.67,
108294,Pop,Khalid,Vertigo,76,0.487,
108296,Pop,Drake,Mob Ties,80,0.755,
108302,Pop,Khalid,Shot Down,74,0.767,
108304,Pop,Clean Bandit,Solo (feat. Demi Lovato),87,0.737,
108323,Pop,Peter Manos,In My Head,80,0.499,
108325,Pop,Future,Hard Work Pays Off,77,0.736,
108328,Pop,Camila Cabello,Real Friends,79,0.701,
108349,Pop,Kendrick Lamar,All The Stars (with SZA),84,0.698,
108362,Pop,Alec Benjamin,Water Fountain,76,0.723,
108383,Pop,SZA,Broken Clocks,74,0.684,
108397,Pop,LANCO,Greatest Love Story,75,0.671,
108403,Pop,Ed Sheeran,Dive,80,0.761,
108431,Pop,James Arthur,Can I Be Him,79,0.696,
108435,Pop,Adele,When We Were Young,74,0.381,
108484,Pop,Khalid,Motion,74,0.554,
108486,Pop,Rihanna,Bitch Better Have My Money,77,0.778,
108498,Pop,ScHoolboy Q,X (with 2 Chainz & Saudi),77,0.768,
108502,Pop,Nelly,Dilemma,78,0.725,
108526,Pop,ayokay,Stay With Me,74,0.695,
108536,Pop,Quinn XCII,U & Us,71,0.605,
108539,Pop,Kodak Black,Codeine Dreaming (feat. Lil Wayne),77,0.736,
108546,Pop,Travis Scott,90210 (feat. Kacy Hill),72,0.402,
108547,Pop,Mac Miller,Hurt Feelings,76,0.69,
108550,Pop,Drake,Headlines,74,0.636,
108552,Pop,Quinn XCII,Tough (feat. Noah Kahan),71,0.729,
108555,Pop,J. Cole,Power Trip,73,0.667,
108567,Pop,Future,Low Life,76,0.722,
108573,Pop,Post Malone,Money Made Me Do It,74,0.734,
108588,Pop,Offset,Father Of 4 (feat. Big Rube),75,0.736,
108591,Pop,Harry Styles,Sign of the Times,79,0.516,
108592,Pop,KIDS SEE GHOSTS,Reborn,77,0.585,
108596,Pop,Lady Gaga,Music To My Eyes,78,0.625,
108612,Pop,Bastille,Pompeii,70,0.679,
108615,Pop,Hozier,No Plan,67,0.456,
108632,Pop,Charlie Puth,One Call Away,69,0.667,
108647,Pop,Twenty One Pilots,Jumpsuit,78,0.62,
108651,Pop,Quinn XCII,Always Been You,70,0.731,
108653,Pop,Dean Lewis,Waves,70,0.521,
108654,Pop,Aminé,Heebiejeebies - Bonus,73,0.766,
108674,Pop,A$AP Rocky,Sundress,77,0.721,
108675,Pop,Khalid,The Ways (with Swae Lee),73,0.727,
108729,Pop,Edward Sharpe & The Magnetic Zeros,Home,74,0.542,
108734,Pop,Ashanti,Foolish,73,0.477,
108739,Pop,Adele,Send My Love (To Your New Lover),73,0.69,
108759,Pop,Nick Jonas,Close,72,0.653,
108766,Pop,Hozier,"Wasteland, Baby!",65,0.427,
108768,Pop,Vampire Weekend,Harmony Hall,76,0.653,
108769,Pop,OneRepublic,Secrets,76,0.515,
108775,Pop,"Tyler, The Creator",Boredom,74,0.559,
108777,Pop,Niykee Heaton,Bad Intentions,72,0.743,
108779,Pop,Hozier,Talk,65,0.397,
108865,Pop,James TW,Say Love,78,0.752,
108946,Pop,Beyoncé,Drunk in Love,74,0.589,
108971,Pop,Jeremih,Planez,73,0.65,
108980,Pop,The Weeknd,Try Me,74,0.466,
108992,Pop,Cheat Codes,No Promises (feat. Demi Lovato),68,0.739,
108993,Pop,Niall Horan,Too Much To Ask,78,0.509,
108999,Pop,Khalid,Therapy,70,0.707,
109006,Pop,Morgan Evans,Kiss Somebody,69,0.57,
109034,Pop,Quinn XCII,Life Must Go On,67,0.715,
109057,Pop,The Weeknd,Reminder,74,0.705,
109073,Pop,David Guetta,2U,70,0.542,
109097,Pop,Sam Hunt,Break Up In A Small Town,70,0.579,
109139,Pop,Kanye West,Ultralight Beam,72,0.596,
109149,Pop,Childish Gambino,Feels Like Summer,76,0.554,
109158,Pop,6LACK,Switch,75,0.664,
109165,Pop,Drake,Lust For Life,71,0.462,
109174,Pop,6LACK,Seasons (feat. Khalid),73,0.605,
109181,Pop,Jason Derulo,Whatcha Say,67,0.615,
109211,Pop,John Gurney,Home With Her,68,0.731,
109230,Pop,Adele,Water Under the Bridge,70,0.596,
109242,Pop,Twenty One Pilots,House Of Gold,73,0.68,
109243,Pop,Avicii,Hey Brother,79,0.537,
109246,Pop,Bebe Rexha,Bad Bitch (feat. Ty Dolla $ign),70,0.656,
109250,Pop,Tee Grizzley,First Day Out,75,0.587,
109268,Pop,Bon Iver,Holocene,71,0.375,
109282,Pop,Carly Rae Jepsen,Now That I Found You,71,0.611,
109311,Pop,NAV,Call Me,72,0.673,
109315,Pop,Joji,R.I.P. (feat. Trippie Redd),71,0.716,
109335,Pop,Camila Cabello,OMG,72,0.655,
109349,Pop,Nicki Minaj,Feeling Myself,66,0.564,
109354,Pop,Taylor Swift,Wildest Dreams,66,0.553,
109359,Pop,Alicia Keys,Girl On Fire,76,0.482,
109368,Pop,Selena Gomez,The Heart Wants What It Wants,73,0.616,
109392,Pop,CVBZ,Be Somebody,69,0.626,
109396,Pop,John Legend,Preach,75,0.508,
109429,Pop,Rick Springfield,Jessie's Girl,70,0.727,
109431,Pop,Ty Dolla $ign,Love U Better (feat. Lil Wayne & The-Dream),71,0.645,
109443,Pop,Kid Cudi,Soundtrack 2 My Life,68,0.524,
109446,Pop,Luis Fonsi,Despacito,70,0.665,
109450,Pop,Drake,Houstatlantavegas,70,0.683,
109522,Pop,Alicia Keys,Fallin',75,0.653,
109527,Pop,Quinn XCII,Panama,67,0.73,
109533,Pop,Future,Never Stop,71,0.571,
109540,Pop,The Neighbourhood,Daddy Issues,75,0.588,
109562,Pop,James Bay,Hold Back The River,67,0.715,
109568,Pop,Noah Kahan,False Confidence,73,0.417,
109576,Pop,Kanye West,Flashing Lights,68,0.634,
109587,Pop,Jess Glynne,All I Am,77,0.74,
109592,Pop,Tinashe,2 On (feat. ScHoolboy Q),70,0.742,
109609,Pop,Ying Yang Twins,Get Low,72,0.521,
109613,Pop,Trey Songz,Solid,70,0.574,
109618,Pop,Andy Grammer,Keep Your Head Up,67,0.674,
109626,Pop,Rascal Flatts,I Like The Sound Of That,70,0.611,
109637,Pop,Jaden Smith,SOHO,72,0.547,
109647,Pop,Kendrick Lamar,LOYALTY. FEAT. RIHANNA.,76,0.658,
109656,Pop,Diplo,Wish - Trippie Mix,69,0.561,
109666,Pop,Future,Temptation,70,0.66,
109690,Pop,Gregory Alan Isakov,Chemicals,71,0.608,
109694,Pop,blackbear,anxiety (with FRND),68,0.652,
109707,Pop,Jeremih,Down On Me,72,0.7,
109744,Pop,Twenty One Pilots,The Judge,73,0.423,
109747,Pop,Future,Promise U That,70,0.638,
109758,Pop,Noah Cyrus,Team,69,0.663,
109760,Pop,Flume,Never Be Like You (feat. Kai),70,0.444,
109780,Pop,6LACK,Luving U,70,0.723,
109806,Pop,Kygo,Stargazing,79,0.677,
109812,Pop,Ariana Grande,Thinking Bout You,70,0.507,
109859,Pop,P!nk,Beautiful Trauma,73,0.412,
109888,Pop,Coldplay,Hymn for the Weekend,78,0.49,
109899,Pop,Post Malone,"Yours Truly, Austin Post",69,0.649,
109916,Pop,A$AP Rocky,A$AP Forever,73,0.469,
109922,Pop,Omarion,Post to Be (feat. Chris Brown & Jhene Aiko),71,0.733,
109930,Pop,Christina Perri,human,71,0.439,
109935,Pop,Kodak Black,Too Many Years,71,0.665,
109954,Pop,Drake,Sandra’s Rose,70,0.487,
109963,Pop,JP Cooper,September Song,78,0.614,
109996,Pop,Phillip Phillips,"Gone, Gone, Gone",68,0.662,
110001,Pop,Miguel,Banana Clip,67,0.638,
110014,Pop,Blanco White,Olalla,74,0.572,
110024,Pop,Twenty One Pilots,Pet Cheetah,72,0.653,
110060,Pop,Passion Pit,Take a Walk,68,0.566,
110086,Pop,Travis Scott,sweet sweet,66,0.733,
110109,Pop,Kanye West,Homecoming,66,0.679,
110110,Pop,Kygo,Stole the Show,76,0.679,
110111,Pop,Hinder,Lips Of An Angel,71,0.476,
110130,Pop,BROCKHAMPTON,SWEET,71,0.718,
110148,Pop,The Lumineers,Stubborn Love,66,0.598,
110205,Pop,Kid Ink,Show Me (feat. Chris Brown),72,0.711,
110214,Pop,Ava Max,So Am I,70,0.684,
110233,Pop,OneRepublic,Good Life,70,0.636,
110235,Pop,Jess Glynne,123,71,0.707,
110258,Pop,Dixie Chicks,Cowboy Take Me Away,69,0.467,
110274,Pop,Lana Del Rey,Lust For Life (with The Weeknd),71,0.504,
110279,Pop,blackbear,the 1,66,0.571,
110294,Pop,The Weeknd,Privilege,71,0.391,
110303,Pop,Lord Huron,The Night We Met (feat. Phoebe Bridgers),74,0.424,
110308,Pop,Augustana,Boston,69,0.404,
110331,Pop,Passion Pit,Sleepyhead,66,0.568,
110336,Pop,Lady Gaga,Before I Cry,71,0.48,
110371,Pop,Why Don't We,These Girls,67,0.71,
110375,Pop,Twenty One Pilots,Message Man,70,0.715,
110409,Pop,Kat Dahlia,I Think I'm In Love,69,0.632,
110414,Pop,DEAN,instagram,70,0.462,
110426,Pop,Post Malone,Broken Whiskey Glass,68,0.512,
110458,Pop,The Chainsmokers,All We Know,72,0.662,
110470,Pop,Lil Baby,Never Needed No Help,68,0.713,
110474,Pop,Gregory Alan Isakov,San Luis,69,0.567,
110495,Pop,Troye Sivan,The Good Side,69,0.426,
110507,Pop,Kehlani,In My Feelings,65,0.556,
110509,Pop,Jacquees,Come Thru,67,0.725,
110522,Pop,Matt Champion,Fangs,65,0.69,
110537,Pop,Mariah Carey,Fantasy,68,0.671,
110542,Pop,Bonnie Tyler,Total Eclipse of the Heart,76,0.435,
110566,Pop,blink-182,Adam's Song,71,0.514,
110590,Pop,KYLE,Moment (feat. Wiz Khalifa),66,0.708,
110595,Pop,J. Cole,Rich Niggaz,66,0.586,
110600,Pop,Walker Hayes,90's Country,68,0.738,
110632,Pop,Kanye West,Wolves,69,0.539,
110637,Pop,Ben Howard,Only Love,74,0.545,
110649,Pop,Greyson Chance,Low,66,0.476,
110657,Pop,Rihanna,Kiss It Better,63,0.619,
110667,Pop,Mat Kearney,Memorized,65,0.547,
110706,Pop,Solange,My Skin My Logo,70,0.724,
110716,Pop,Ariana Grande,Bad Decisions,68,0.698,
110720,Pop,Cody Simpson,Pretty Brown Eyes,66,0.653,
110723,Pop,Hootie & The Blowfish,Only Wanna Be with You,70,0.49,
110737,Pop,J Balvin,Si Tu Novio Te Deja Sola,72,0.718,
110743,Pop,Beyoncé,Flawless Remix,69,0.639,
110766,Pop,BTS,Don't Leave Me,70,0.62,
110773,Pop,Cuco,Amor de Siempre,65,0.565,
110793,Pop,Miguel,Remember Me (Dúo),66,0.612,
110817,Pop,VÉRITÉ,Somebody Else,67,0.674,
110825,Pop,Cavetown,Fool,67,0.671,
110829,Pop,Janelle Monáe,I Like That,67,0.482,
110848,Pop,Halsey,Hold Me Down,66,0.677,
110864,Pop,Twenty One Pilots,Leave The City,70,0.506,
110876,Pop,Lana Del Rey,Cherry,69,0.449,
110881,Pop,Ms. Lauryn Hill,Doo Wop (That Thing),74,0.535,
110901,Pop,Bazzi,Sober,64,0.534,
110932,Pop,John Mayer,Stop This Train,67,0.619,
110940,Pop,Cage The Elephant,Trouble,72,0.47,
110941,Pop,Nelly Furtado,I'm Like A Bird,71,0.616,
110946,Pop,Hunter Hayes,Dear God,65,0.63,
110948,Pop,LANY,ILYSB,72,0.636,
110952,Pop,Ben Howard,Old Pine,72,0.401,
110958,Pop,Bruno Mars,Straight Up & Down,69,0.552,
110979,Pop,Liam Payne,Bedroom Floor,70,0.597,
110989,Pop,Harry Styles,Woman,66,0.624,
111001,Pop,Meek Mill,Almost Slipped,67,0.49,
111018,Pop,Lady Antebellum,Need You Now,66,0.587,
111046,Pop,Kim Petras,Heart to Break,66,0.74,
111048,Pop,Beyoncé,Dance for You,66,0.616,
111056,Pop,Carly Rae Jepsen,No Drug Like Me,65,0.553,
111082,Pop,Lana Del Rey,High By The Beach,68,0.536,
111093,Pop,Cheat Codes,Feeling of Falling,69,0.744,
111110,Pop,Melanie Martinez,Pacify Her,67,0.576,
111134,Pop,Harry Styles,Ever Since New York,67,0.389,
111151,Pop,Calvin Harris,One Kiss (with Dua Lipa) - Oliver Heldens Remix,74,0.717,
111168,Pop,Mario,Drowning,66,0.516,
111182,Pop,OutKast,Roses,72,0.751,
111186,Pop,Chris Brown,Grass Ain't Greener,67,0.644,
111209,Pop,Twenty One Pilots,Hometown,69,0.683,
111215,Pop,Vance Joy,Like Gold,68,0.477,
111228,Pop,will.i.am,Scream & Shout,73,0.772,
111247,Pop,Lenin Ramírez,Hierba de Receta,68,0.666,
111253,Pop,Jorja Smith,The One - Radio Edit,71,0.482,
111261,Pop,Lauv,Paranoid,67,0.701,
111282,Pop,Yellow Days,A Little While,66,0.577,
111294,Pop,Ed Sheeran,Bibia Be Ye Ye,71,0.738,
111306,Pop,Wet,11 Hours - Branchez Remix,67,0.687,
111378,Pop,Solange,Cranes in the Sky,67,0.719,
111384,Pop,Lady Gaga,Applause,69,0.669,
111385,Pop,Weezer,Everybody Wants To Rule The World,67,0.667,
111404,Pop,BROCKHAMPTON,GUMMY,67,0.687,
111421,Pop,The Neighbourhood,Afraid,70,0.464,
111445,Pop,Amber Run,I Found,72,0.389,
111454,Pop,Fleet Foxes,"If You Need To, Keep Time On Me",69,0.521,
111459,Pop,Meghan Trainor,FOOLISH,68,0.645,
111500,Pop,Anna Of The North,Lovers,65,0.599,
111537,Pop,Chloe x Halle,Happy Without Me,66,0.57,
111538,Pop,Olivia O'Brien,I Don't Exist,66,0.743,
111546,Pop,The Weeknd,Attention,67,0.671,
111561,Pop,Pitbull,Feel This Moment,67,0.673,
111580,Pop,Rex Orange County,4 Seasons,66,0.505,
111630,Pop,Katy Perry,Rise,66,0.546,
111659,Pop,NCT 127,Regular - English Version,68,0.741,
111700,Pop,H.E.R.,Carried Away,67,0.693,
111703,Pop,Rihanna,You Da One,67,0.702,
111716,Pop,Mike Perry,Hands,71,0.719,
111766,Pop,BTS,House of Cards (Full Length Edition),67,0.367,
111782,Pop,Moon Taxi,Two High,69,0.68,
111802,Pop,Glass Animals,Life Itself,65,0.699,
111807,Pop,Katy Perry,Wide Awake,68,0.514,
111816,Pop,Usher,Love in This Club (feat. Young Jeezy),66,0.573,
111862,Pop,dodie,Human,66,0.665,
111873,Pop,The National,I Need My Girl,69,0.523,
111942,Pop,Arizona Zervas,No I in Team,67,0.74,
111948,Pop,Paramore,Fake Happy,66,0.734,
111959,Pop,Villagers,Nothing Arrived - Live from Spotify London,70,0.579,
111960,Pop,Alejandro Fernandez,Me Dediqué a Perderte,77,0.642,
111963,Pop,Pancho Barraza,Mi Enemigo El Amor,70,0.592,
111977,Pop,blackbear,idfc - Tarro Remix,66,0.58,
111988,Pop,Ty Dolla $ign,Droptop in the Rain (feat. Tory Lanez),66,0.73,
112016,Pop,G.R.L.,Ugly Heart,69,0.65,
112032,Pop,The Weeknd,What You Need,65,0.657,
112037,Pop,Lana Del Rey,Brooklyn Baby,66,0.404,
112049,Pop,Bush,Glycerine,67,0.437,
112087,Pop,The Zombies,Time Of The Season (Mono Version),68,0.537,
112119,Pop,Halsey,Drive,64,0.571,
112210,Pop,Lana Del Rey,In My Feelings,65,0.54,
112258,Pop,Drake,4422,65,0.621,
112298,Pop,Destiny's Child,Cater 2 U,63,0.605,
112318,Pop,Sia,Unstoppable,65,0.468,
112320,Pop,Lana Del Rey,White Mustang,66,0.658,
112375,Pop,6LACK,Sorry,66,0.423,
112377,Pop,Alfredo Olivas,El Malo De Culiacán,71,0.723,
112400,Pop,San Holo,Lead Me Back,65,0.498,
112467,Pop,Polo & Pan,Nanã,66,0.687,
112478,Pop,Natti Natasha,Amantes de una Noche,70,0.567,
112495,Pop,Jesse & Joy,¡¡Corre!,70,0.479,
112505,Pop,Future,Last Breath,68,0.675,
112520,Pop,Justin Bieber,Never Say Never,67,0.739,
112558,Pop,Granger Smith,Happens Like That,68,0.557,
112573,Pop,Gin Wigmore,Kill Of The Night,67,0.502,
112648,Pop,Shawn Mendes,Lights On,66,0.706,
112670,Pop,Selena Gomez,Back To You - Joey Pecoraro Remix,68,0.685,
112699,Pop,Elohim,Sleepy Eyes,68,0.608,
112768,Pop,Bon Iver,Blood Bank,65,0.494,
112770,Pop,John Legend,A Good Night,69,0.53,
112787,Pop,The Head and the Heart,Don't Dream It's Over,66,0.433,
112852,Pop,Lady Gaga,Diamond Heart,65,0.662,
112864,Pop,Sabrina Claudio,Unravel Me,66,0.387,
112911,Pop,The Buggles,Video Killed The Radio Star,65,0.675,
112915,Pop,Papa Roach,Elevate,70,0.666,
112916,Pop,Galantis,San Francisco (with Sofia Carson),70,0.741,
112923,Pop,LANY,Taking Me Back,67,0.689,
112944,Pop,Don Diablo,Take Her Place (feat. A R I Z O N A),68,0.603,
112946,Pop,Hozier,Say My Name - Recorded at Spotify Studios NYC,59,0.607,
112959,Pop,Nathaniel Rateliff & The Night Sweats,S.O.B.,67,0.694,
112998,Pop,LANY,pink skies,66,0.719,
113047,Pop,Tall Heights,Spirit Cold,67,0.426,
113059,Pop,Beyoncé,Dangerously In Love,60,0.609,
113072,Pop,Shawn Mendes,No Promises,67,0.619,
113093,Pop,Louis Tomlinson,Just Like You,67,0.703,
113168,Pop,Coldplay,Trouble,71,0.561,
113171,Pop,The Band CAMINO,14-Feb,68,0.607,
113236,Pop,James Barker Band,Chills,67,0.658,
113246,Pop,Wiz Khalifa,On My Level (feat. Too $hort),65,0.72,
113262,Pop,Donovan Woods,"Portland, Maine",67,0.608,
113264,Pop,Disclosure,Omen - Radio Edit,69,0.615,
113283,Pop,Tall Heights,Horse to Water,67,0.517,
113308,Pop,Years & Years,Valentino,70,0.714,
113354,Pop,Simple Plan,Perfect,68,0.494,
113368,Pop,Rosie Carney,Thousand (feat. Lisa Hannigan),68,0.676,
113373,Pop,Grizfolk,Bob Marley,67,0.562,
113396,Pop,Rhys,Too Good To Be True,71,0.669,
113421,Pop,Christina Aguilera,Fall In Line,67,0.39,
113429,Pop,Jaden Smith,PCH,66,0.642,
113431,Pop,Just A Gent,Limelight (NGHTMRE Remix),66,0.574,
113474,Pop,Thirty Seconds To Mars,This Is War,66,0.404,
113695,Pop,Hayden James,Something About You - ODESZA Remix,65,0.709,
113737,Pop,Astrid S,Closer,68,0.531,
113777,Pop,Nipsey Hussle,Double Up (feat. Belly and Dom Kennedy),67,0.604,
113792,Pop,Earl Sweatshirt,Chum,66,0.51,
113801,Pop,Vansire,Nice to See You,65,0.539,
113859,Pop,SYML,Girl - Acoustic,70,0.413,
113860,Pop,Mipso,People Change,69,0.374,
113886,Pop,Alanis Morissette,Ironic - 2015 Remaster,71,0.408,
113905,Pop,Novo Amor,State Lines,67,0.514,
113910,Pop,Stray Kids,I am YOU,66,0.655,
113963,Pop,Ellie Goulding,"Still Falling For You - From ""Bridget Jones's Baby""",69,0.43,
113976,Pop,Chris Burton,Love Letters,68,0.699,
114013,Rap,OneRepublic,Counting Stars,74,0.664,
114041,Rap,Ying Yang Twins,Get Low,72,0.521,
114054,Rap,Quinn XCII,Life Must Go On,67,0.715,
114062,Rap,NAV,Call Me,72,0.673,
114068,Rap,Mac Miller,Dunno,70,0.622,
114072,Rap,BROCKHAMPTON,SWEET,71,0.718,
114074,Rap,OutKast,Roses,72,0.751,
114106,Rap,ayokay,Stay With Me,74,0.695,
114112,Rap,Lil Peep,Runaway,74,0.399,
114115,Rap,Ty Dolla $ign,Love U Better (feat. Lil Wayne & The-Dream),71,0.645,
114120,Rap,NF,Therapy Session,70,0.693,
114124,Rap,Drake,Houstatlantavegas,70,0.683,
114133,Rap,Lil Baby,Never Needed No Help,68,0.713,
114150,Rap,Kanye West,Wolves,69,0.539,
114172,Rap,Future,Never Stop,71,0.571,
114218,Rap,Jaden Smith,SOHO,72,0.547,
114226,Rap,Future,Temptation,70,0.66,
114250,Rap,Jeremih,Down On Me,72,0.7,
114269,Rap,Future,Promise U That,70,0.638,
114283,Rap,The Weeknd,Try Me,74,0.466,
114287,Rap,6LACK,Luving U,70,0.723,
114325,Rap,Lil Mosey,Fu shit,68,0.666,
114331,Rap,Quinn XCII,Panama,67,0.73,
114336,Rap,The Weeknd,Reminder,74,0.705,
114354,Rap,Post Malone,"Yours Truly, Austin Post",69,0.649,
114371,Rap,A$AP Rocky,A$AP Forever,73,0.469,
114381,Rap,Drake,Sandra’s Rose,70,0.487,
114425,Rap,Lil Peep,Broken Smile (My All),72,0.545,
114457,Rap,Travis Scott,sweet sweet,66,0.733,
114479,Rap,Hinder,Lips Of An Angel,71,0.476,
114541,Rap,BROCKHAMPTON,GUMMY,67,0.687,
114570,Rap,Meek Mill,Almost Slipped,67,0.49,
114607,Rap,blackbear,anxiety (with FRND),68,0.652,
114624,Rap,Post Malone,Broken Whiskey Glass,68,0.512,
114628,Rap,Nicki Minaj,Feeling Myself,66,0.564,
114630,Rap,$uicideBoy$,Runnin' Thru The 7th With My Woadies,70,0.526,
114632,Rap,Ashanti,Foolish,73,0.477,
114654,Rap,Miguel,Banana Clip,67,0.638,
114713,Rap,KYLE,Moment (feat. Wiz Khalifa),66,0.708,
114717,Rap,J. Cole,Rich Niggaz,66,0.586,
114721,Rap,Nipsey Hussle,Double Up (feat. Belly and Dom Kennedy),67,0.604,
114797,Rap,Nick Jonas,Close,72,0.653,
114809,Rap,OneRepublic,Secrets,76,0.515,
114819,Rap,Niykee Heaton,Bad Intentions,72,0.743,
114845,Rap,Lil Peep,Sunlight On Your Skin - Bonus Track,69,0.68,
114867,Rap,Kid Ink,Show Me (feat. Chris Brown),72,0.711,
114883,Rap,Ms. Lauryn Hill,Doo Wop (That Thing),74,0.535,
114926,Rap,Aries,SAYONARA,66,0.548,
114928,Rap,Papa Roach,Elevate,70,0.666,
114992,Rap,Rockie Fresh,Must Be,68,0.709,
115034,Rap,blackbear,the 1,66,0.571,
115124,Rap,Jacquees,Come Thru,67,0.725,
115137,Rap,Jason Derulo,Whatcha Say,67,0.615,
115196,Rap,Miguel,Remember Me (Dúo),66,0.612,
115265,Rap,Earl Sweatshirt,Chum,66,0.51,
115306,Rap,Trey Songz,Solid,70,0.574,
115310,Rap,Omarion,Post to Be (feat. Chris Brown & Jhene Aiko),71,0.733,
115322,Rap,Jay Rock,Tap Out (feat. Jeremih),65,0.676,
115407,Rap,Chris Brown,Grass Ain't Greener,67,0.644,
115433,Rap,Call Me Karizma,F U Till I F U,66,0.581,
115437,Rap,Arizona Zervas,No I in Team,67,0.74,
115458,Rap,Ty Dolla $ign,Droptop in the Rain (feat. Tory Lanez),66,0.73,
115565,Rap,Wiz Khalifa,On My Level (feat. Too $hort),65,0.72,
115623,Rap,Drake,4422,65,0.621,
115640,Rap,Noname,"Shadow Man (feat. Phoelix, Smino & Saba)",64,0.611,
115669,Rap,6LACK,Sorry,66,0.423,
115694,Rap,Yelawolf,Till It's Gone,67,0.523,
115715,Rap,Future,Last Breath,68,0.675,
115832,Rap,Kehlani,In My Feelings,65,0.556,
115902,Rap,Andy Grammer,Keep Your Head Up,67,0.674,
116062,Rap,blackbear,idfc - Tarro Remix,66,0.58,
116096,Rap,The Weeknd,Attention,67,0.671,
116132,Rap,Tinashe,2 On (feat. ScHoolboy Q),70,0.742,
116142,Rap,Jaden Smith,PCH,66,0.642,
116303,Rap,Mario,Drowning,66,0.516,
116387,Rap,OneRepublic,Good Life,70,0.636,
116423,Rap,The Weeknd,What You Need,65,0.657,
116581,Rap,Pitbull,Feel This Moment,67,0.673,
116640,Rap,will.i.am,Scream & Shout,73,0.772,
116739,Rap,SAINt JHN,Reflex,66,0.692,
117059,Rap,Usher,Love in This Club (feat. Young Jeezy),66,0.573,
117280,Rap,Nelly Furtado,I'm Like A Bird,71,0.616,
117795,Rap,Justin Timberlake,Until The End Of Time (with Beyoncé),58,0.56,
117873,Rap,Destiny's Child,Cater 2 U,63,0.605,
118472,Rap,Cris Cab,Just Wanna Love You (feat. J. Balvin),65,0.687,
118637,Rap,Young Thug,She Wanna Party (feat. Millie Go Lightly),57,0.578,
118683,Rap,Christina Aguilera,Fall In Line,67,0.39,
119576,Rap,Alle Farben,H.O.L.Y.,71,0.565,
119670,Rap,Fifth Harmony,He Like That,65,0.592,
119841,Rap,Kehlani,Everything Is Yours,57,0.608,
121643,Rap,Vigiland,Strangers,68,0.718,
122481,Reggae,Sticky Fingers,How To Fly,70,0.676,
122531,Reggae,Tash Sultana,Mystik,55,0.513,
122570,Reggae,Ocean Alley,Confidence,74,0.59,
138923,Reggaeton,Bad Bunny,Caro,85,0.651,
138927,Reggaeton,Bad Bunny,La Romana,82,0.655,
138952,Reggaeton,Amenazzy,Baby,86,0.7,
138972,Reggaeton,Cauty,Ta To Gucci (Remix),86,0.73,
139016,Reggaeton,Farruko,Nadie,78,0.679,
139020,Reggaeton,Chris Jeday,Ahora Dice,76,0.704,
139023,Reggaeton,Gigolo Y La Exce,Sexto Sentido (feat. Bad Bunny),72,0.714,
139026,Reggaeton,J Balvin,Si Tu Novio Te Deja Sola,72,0.718,
139029,Reggaeton,Jory Boy,No Te Hagas,70,0.748,
139058,Reggaeton,Justin Quiles,No Quiero Amarte (feat. Zion & Lennox),75,0.734,
139060,Reggaeton,Chris Jeday,Ahora Dice - Real Hasta La Muerte Remix,72,0.742,
139081,Reggaeton,Natti Natasha,Amantes de una Noche,70,0.567,
139105,Reggaeton,Bryant Myers,Noche De Fantasia,75,0.664,
139231,Reggaeton,Brytiago,Netflixxx,67,0.707,
140550,Indie,Astrid S,Emotion,70,0.402,
141119,Indie,Kasabian,Fire,66,0.525,
141311,Indie,Jake Bugg,Broken,58,0.439,
142605,Indie,EggPlantEgg,浪子回頭,64,0.473,
143374,Indie,Yoga Lin,Fairy tale,57,0.54,
144689,Indie,The Shins,Know Your Onion!,46,0.487,
145431,Jazz,Leslie Odom Jr.,Alexander Hamilton,72,0.609,
145436,Jazz,Duke Ellington,In A Sentimental Mood,68,0.464,
145446,Jazz,Duke Ellington,My Little Brown Book,65,0.372,
145670,Jazz,Norah Jones,Carry On,65,0.547,
146113,Jazz,Héctor Lavoe,El Dia De Suerte,57,0.65,
146753,Jazz,Parov Stelar,The Sun,55,0.678,
149197,Pop,Justin Timberlake,Until The End Of Time (with Beyoncé),58,0.56,
149231,Pop,Avril Lavigne,I Fell In Love With The Devil,66,0.522,
149268,Pop,KT Tunstall,Suddenly I See,69,0.587,
149675,Pop,Yelawolf,Till It's Gone,67,0.523,
149720,Pop,Yoke Lore,Truly Madly Deeply - Recorded at Spotify Studios NYC,69,0.675,
149802,Pop,Fleet Foxes,Blue Ridge Mountains,60,0.524,
149833,Pop,Fifth Harmony,He Like That,65,0.592,
149866,Pop,LANY,Hericane,66,0.673,
149882,Pop,Jorja Smith,February 3rd,68,0.624,
149910,Pop,Dua Lipa,Genesis,67,0.715,
149958,Pop,David Guetta,Say My Name (feat. Bebe Rexha & J Balvin) - Lucas & Steve Remix,68,0.678,
150008,Pop,The Neighbourhood,Nervous,67,0.589,
150044,Pop,James TW,For You,66,0.717,
150116,Pop,Banda Los Recoditos,No Le Hago Falta,66,0.741,
150208,Pop,Harrison Storm,Change It All,66,0.445,
150272,Pop,Sam Feldt,Gold,71,0.721,
150385,Pop,Matthew And The Atlas,Elijah,65,0.479,
150387,Pop,The xx,On Hold,67,0.723,
150423,Pop,Roo Panes,Tiger Striped Sky,67,0.473,
150514,Pop,Rihanna,Russian Roulette,66,0.48,
150529,Pop,Avicii,Broken Arrows,67,0.63,
150572,Pop,Zara Larsson,Ruin My Life - Piano Version,67,0.65,
150587,Pop,Møme,Aloha,68,0.613,
150603,Pop,Calvin Harris,Promises (with Sam Smith) - David Guetta Remix,69,0.588,
150708,Pop,Bahamas,Don't You Want Me,65,0.667,
150806,Pop,Jay Rock,Tap Out (feat. Jeremih),65,0.676,
150842,Pop,Glee Cast,Don't Stop Believin' (Glee Cast Version),63,0.473,
150844,Pop,Sasha Sloan,I’ll Be There,56,0.516,
150880,Pop,DROELOE,Sunburn,65,0.693,
151185,Pop,Sebastian Yatra,My Only One (No Hay Nadie Más),68,0.727,
151390,Pop,Noname,"Shadow Man (feat. Phoelix, Smino & Saba)",64,0.611,
151502,Pop,Kygo,Here for You,66,0.68,
151529,Pop,CLOVES,Don't Forget About Me,66,0.494,
151552,Pop,Irene Cara,What A Feeling,68,0.532,
151565,Pop,Vicetone,Fences,66,0.698,
151607,Pop,Run River North,Mr. Brightside,65,0.387,
151706,Pop,Kehlani,Everything Is Yours,57,0.608,
151943,Pop,Alok,Hear Me Now,76,0.778,
152029,Pop,Mandolin Orange,Amsterdam - Recorded at Spotify Studios NYC,65,0.532,
152038,Pop,Vera Blue,All The Pretty Girls,68,0.708,
152145,Pop,Coldplay,Charlie Brown,67,0.43,
152245,Pop,Marco Antonio Solís,¿A Dónde Vamos A Parar?,67,0.413,
152272,R&B,Joji,YEAH RIGHT,81,0.672,
152275,R&B,Tory Lanez,TAlk tO Me (with Rich The Kid feat. Lil Wayne) - Remix,84,0.698,
152295,R&B,Joji,TEST DRIVE,78,0.646,
152299,R&B,Mario,Let Me Love You,80,0.656,
152302,R&B,Alessia Cara,Scars To Your Beautiful,76,0.573,
152327,R&B,DJ Khaled,No Brainer,84,0.552,
152328,R&B,The Weeknd,Die For You,78,0.586,
152354,R&B,Miguel,Sure Thing,75,0.684,
152358,R&B,SZA,Broken Clocks,74,0.684,
152370,R&B,Rihanna,Take A Bow,80,0.697,
152371,R&B,Mac Ayres,Easy,73,0.722,
152372,R&B,Meghan Trainor,Like I'm Gonna Lose You,80,0.63,
152378,R&B,Camila Cabello,Real Friends,79,0.701,
152408,R&B,Joji,R.I.P. (feat. Trippie Redd),71,0.716,
152412,R&B,Solange,Jerrod,69,0.409,
152415,R&B,Rihanna,Bitch Better Have My Money,77,0.778,
152418,R&B,Lucky Daye,Roll Some Mo,70,0.405,
152423,R&B,John Legend,Preach,75,0.508,
152441,R&B,Solange,My Skin My Logo,70,0.724,
152449,R&B,Nelly,Dilemma,78,0.725,
152463,R&B,The Weeknd,Try Me,74,0.466,
152477,R&B,The Weeknd,Reminder,74,0.705,
152497,R&B,Jorja Smith,The One - Radio Edit,71,0.482,
152512,R&B,Beyoncé,Drunk in Love,74,0.589,
152513,R&B,6LACK,Switch,75,0.664,
152516,R&B,6LACK,Seasons (feat. Khalid),73,0.605,
152524,R&B,Jakob Ogawa,All Your Love,66,0.568,
152539,R&B,The Weeknd,Privilege,71,0.391,
152545,R&B,Chloe x Halle,Happy Without Me,66,0.57,
152547,R&B,Alicia Keys,Girl On Fire,76,0.482,
152560,R&B,Ty Dolla $ign,Love U Better (feat. Lil Wayne & The-Dream),71,0.645,
152562,R&B,Ashanti,Foolish,73,0.477,
152572,R&B,H.E.R.,Carried Away,67,0.693,
152584,R&B,Alicia Keys,Fallin',75,0.653,
152586,R&B,Mahalia,I Wish I Missed My Ex,70,0.68,
152589,R&B,Sabrina Claudio,Unravel Me,66,0.387,
152600,R&B,Nicotine's Famous Honey,Running,65,0.454,
152605,R&B,Jeremih,Planez,73,0.65,
152615,R&B,Nick Jonas,Close,72,0.653,
152617,R&B,Niykee Heaton,Bad Intentions,72,0.743,
152619,R&B,Cautious Clay,Cold War,66,0.637,
152625,R&B,Janelle Monáe,I Like That,67,0.482,
152627,R&B,Camila Cabello,OMG,72,0.655,
152633,R&B,Ms. Lauryn Hill,Doo Wop (That Thing),74,0.535,
152649,R&B,James Blake,Barefoot In The Park (feat. ROSALÍA),71,0.558,
152653,R&B,James Blake,I'll Come Too,68,0.661,
152667,R&B,6LACK,Luving U,70,0.723,
152674,R&B,JP Cooper,September Song,78,0.614,
152678,R&B,Tinashe,2 On (feat. ScHoolboy Q),70,0.742,
152700,R&B,Wet,11 Hours - Branchez Remix,67,0.687,
152702,R&B,Jacquees,Come Thru,67,0.725,
152704,R&B,Jason Derulo,Whatcha Say,67,0.615,
152712,R&B,Solange,Cranes in the Sky,67,0.719,
152743,R&B,Rex Orange County,4 Seasons,66,0.505,
152751,R&B,DEAN,instagram,70,0.462,
152760,R&B,Trey Songz,Solid,70,0.574,
152763,R&B,Omarion,Post to Be (feat. Chris Brown & Jhene Aiko),71,0.733,
152777,R&B,Mariah Carey,Fantasy,68,0.671,
152815,R&B,Miguel,Banana Clip,67,0.638,
152840,R&B,Jeremih,Down On Me,72,0.7,
152915,R&B,Jorja Smith,February 3rd,68,0.624,
152918,R&B,James Blake,Into The Red,66,0.508,
152942,R&B,Kehlani,In My Feelings,65,0.556,
152943,R&B,Kid Ink,Show Me (feat. Chris Brown),72,0.711,
152944,R&B,John Legend,A Good Night,69,0.53,
152974,R&B,Rihanna,Kiss It Better,63,0.619,
153385,Rock,Kate Bush,Wuthering Heights,68,0.481,
154002,Rock,Faith No More,Easy,66,0.506,
154387,Rock,Kasabian,Fire,66,0.525,
155766,Rock,Aleks Syntek,Duele El Amor,66,0.674,
155801,Rock,Melendi,Destino o casualidad,72,0.557,
156578,Ska,La Mosca Tse-Tse,Para No Verte Más,71,0.658,
158634,Reggaeton,Zion & Lennox,Nuestro Amor (feat. Maluma),54,0.743,
166067,Rock,Queen,Under Pressure - Remastered,77,0.667,
166069,Rock,Queen,Somebody To Love - Remastered 2011,77,0.492,
166096,Rock,The Beatles,Here Comes The Sun - Remastered 2009,82,0.557,
166098,Rock,Twenty One Pilots,Chlorine,82,0.609,
166101,Rock,X Ambassadors,Unsteady,78,0.389,
166106,Rock,Arctic Monkeys,Do I Wanna Know?,84,0.548,
166155,Rock,Owl City,Fireflies,79,0.591,
166159,Rock,LANCO,Greatest Love Story,75,0.671,
166190,Rock,The Black Keys,Howlin' For You,70,0.705,
166191,Rock,OneRepublic,Counting Stars,74,0.664,
166193,Rock,Rick Springfield,Jessie's Girl,70,0.727,
166207,Rock,Twenty One Pilots,Morph,76,0.734,
166214,Rock,Bastille,Pompeii,70,0.679,
166230,Rock,Twenty One Pilots,Jumpsuit,78,0.62,
166240,Rock,alt-J,Breezeblocks,71,0.616,
166259,Rock,KALEO,Way Down We Go,76,0.489,
166268,Rock,The Rolling Stones,Gimme Shelter,75,0.634,
166270,Rock,Vampire Weekend,Harmony Hall,76,0.653,
166296,Rock,Cage The Elephant,Trouble,72,0.47,
166304,Rock,Bob Seger,Night Moves,71,0.705,
166311,Rock,The Neighbourhood,Daddy Issues,75,0.588,
166380,Rock,Queen,Somebody To Love - 2011 Remaster,67,0.466,
166383,Rock,Edward Sharpe & The Magnetic Zeros,Home,74,0.542,
166392,Rock,Aerosmith,I Don't Want to Miss a Thing,78,0.383,
166417,Rock,Hinder,Lips Of An Angel,71,0.476,
166423,Rock,Twenty One Pilots,House Of Gold,73,0.68,
166425,Rock,The Marshall Tucker Band,Can't You See,69,0.406,
166439,Rock,The Who,Baba O'Riley,76,0.494,
166485,Rock,Guns N' Roses,Knockin' On Heaven's Door,77,0.496,
166516,Rock,Bush,Glycerine,67,0.437,
166521,Rock,Steppenwolf,Born To Be Wild - Single Version,67,0.439,
166524,Rock,The Raconteurs,"Steady, As She Goes",65,0.524,
166525,Rock,OneRepublic,Secrets,76,0.515,
166527,Rock,The Rolling Stones,Sympathy For The Devil - 50th Anniversary Edition,74,0.702,
166560,Rock,Lee Brice,Hard To Love,70,0.638,
166573,Rock,Rascal Flatts,I Like The Sound Of That,70,0.611,
166585,Rock,Hootie & The Blowfish,Only Wanna Be with You,70,0.49,
166626,Rock,Twenty One Pilots,The Judge,73,0.423,
166653,Rock,Imagine Dragons,Boomerang,74,0.429,
166680,Rock,The Police,Every Little Thing She Does Is Magic - Remastered 2003,66,0.535,
166681,Rock,Europe,The Final Countdown,74,0.536,
166695,Rock,Red Hot Chili Peppers,Dark Necessities,75,0.7,
166717,Rock,Amber Run,I Found,72,0.389,
166728,Rock,David Bowie,Rebel Rebel - 2016 Remastered Version,74,0.635,
166746,Rock,Twenty One Pilots,Pet Cheetah,72,0.653,
166785,Rock,Imagine Dragons,Rise Up,72,0.447,
166814,Rock,James Taylor,Carolina in My Mind,67,0.579,
166826,Rock,Imagine Dragons,Thunder / Young Dumb & Broke (with Khalid) - Medley,70,0.437,
166827,Rock,Imagine Dragons,I Bet My Life,65,0.553,
166839,Rock,Muse,Madness,71,0.502,
166843,Rock,Weezer,Everybody Wants To Rule The World,67,0.667,
166854,Rock,grandson,Despicable,68,0.576,
166856,Rock,The Neighbourhood,Afraid,70,0.464,
166858,Rock,Dixie Chicks,Cowboy Take Me Away,69,0.467,
166880,Rock,Augustana,Boston,69,0.404,
166883,Rock,James Bay,Hold Back The River,67,0.715,
166895,Rock,Aerosmith,"I Don't Want to Miss a Thing - From the Touchstone film, ""Armageddon""",74,0.39,
166898,Rock,The Darkness,I Believe in a Thing Called Love,70,0.442,
166902,Rock,Welshly Arms,Legendary,74,0.537,
166909,Rock,Twenty One Pilots,Message Man,70,0.715,
166910,Rock,Moon Taxi,Two High,69,0.68,
166938,Rock,Foo Fighters,Everlong - Acoustic Version,72,0.643,
166949,Rock,The Zombies,Time Of The Season (Mono Version),68,0.537,
166950,Rock,Daryl Hall & John Oates,Sara Smile,65,0.592,
166970,Rock,Bonnie Tyler,Total Eclipse of the Heart,76,0.435,
166977,Rock,Grizfolk,Bob Marley,67,0.562,
166986,Rock,blink-182,Adam's Song,71,0.514,
166997,Rock,Walker Hayes,90's Country,68,0.738,
167052,Rock,Neil Young,Old Man - 2009 Remaster,68,0.702,
167084,Rock,Scotty McCreery,Five More Minutes,67,0.517,
167094,Rock,Yoke Lore,Truly Madly Deeply - Recorded at Spotify Studios NYC,69,0.675,
178762,Jazz,Tulus,Labirin,66,0.7,
181837,Movie,Kristin Chenoweth,"What Is This Feeling? - From ""Wicked"" Original Broadway Cast Recording/2003",51,0.622,
181892,Movie,Kristin Chenoweth,Let’s Fall In Love,54,0.539,
191954,Soul,Adele,When We Were Young,74,0.381,
191957,Soul,Amy Winehouse,"Valerie - Live At BBC Radio 1 Live Lounge, London / 2007",68,0.739,
191970,Soul,Adele,Send My Love (To Your New Lover),73,0.69,
191974,Soul,Solange,Jerrod,69,0.409,
191978,Soul,John Legend,Preach,75,0.508,
191989,Soul,Adele,Water Under the Bridge,70,0.596,
192009,Soul,Alicia Keys,Girl On Fire,76,0.482,
192010,Soul,Leon Bridges,Forgive You,69,0.73,
192021,Soul,Alicia Keys,Fallin',75,0.653,
192025,Soul,Solange,My Skin My Logo,70,0.724,
192033,Soul,Ms. Lauryn Hill,Doo Wop (That Thing),74,0.535,
192053,Soul,Jorja Smith,The One - Radio Edit,71,0.482,
192061,Soul,Anna Of The North,Lovers,65,0.599,
192123,Soul,Elohim,Sleepy Eyes,68,0.608,
192125,Soul,Janelle Monáe,I Like That,67,0.482,
192130,Soul,John Legend,A Good Night,69,0.53,
192170,Soul,Wet,11 Hours - Branchez Remix,67,0.687,
192171,Soul,Just A Gent,Limelight (NGHTMRE Remix),66,0.574,
192175,Soul,Solange,Cranes in the Sky,67,0.719,
192191,Soul,Hayden James,Something About You - ODESZA Remix,65,0.709,
192202,Soul,Ryan Trey,Break on Monday,62,0.425,
192237,Soul,Mazde,Wicked Winds,65,0.686,
192254,Soul,Yoke Lore,Truly Madly Deeply - Recorded at Spotify Studios NYC,69,0.675,
192264,Soul,SAINt JHN,Reflex,66,0.692,
192272,Soul,Jorja Smith,February 3rd,68,0.624,
192292,Soul,VÉRITÉ,Somebody Else,67,0.674,
192353,Soul,Tep No,Toluca Lake - Imad Remix,65,0.669,
192354,Soul,DROELOE,Sunburn,65,0.693,
192595,Soul,Jorja Smith,Lost & Found,66,0.653,
192663,Soul,Aquilo,Thin,66,0.604,
192712,Soul,Nao,If You Ever (feat. 6LACK),65,0.488,
192752,Soul,Elijah Blake,Black and Blue,58,0.535,
192914,Soul,Rhye,Open,65,0.551,
193499,Soul,Lisa Stansfield,The Real Thing - Remastered,66,0.698,
207178,World,for KING & COUNTRY,joy.,67,0.68,
207185,World,Casting Crowns,Only Jesus,66,0.572,
207188,World,one sonic society,Great Are You Lord,66,0.492,
207218,World,Michael W. Smith,Surrounded (Fight My Battles),65,0.483,
207231,World,Hillsong UNITED,Touch The Sky,59,0.507,
212306,Country,LANCO,Greatest Love Story,75,0.671,
212337,Country,Jason Aldean,Dirt Road Anthem,71,0.68,
212350,Country,Chris Young,Losing Sleep,71,0.584,
212377,Country,Lee Brice,Hard To Love,70,0.638,
212403,Country,Sam Hunt,Break Up In A Small Town,70,0.579,
212407,Country,Rascal Flatts,I Like The Sound Of That,69,0.611,
212421,Country,Morgan Evans,Kiss Somebody,69,0.57,
212439,Country,Walker Hayes,90's Country,68,0.738,
212477,Country,Lady Antebellum,Need You Now,66,0.587,
212481,Country,Scotty McCreery,Five More Minutes,66,0.517,
212483,Country,Dixie Chicks,Cowboy Take Me Away,68,0.467,
212485,Country,Granger Smith,Happens Like That,67,0.557,
212500,Country,John Gurney,Home With Her,68,0.731,
212510,Country,Johnny Cash,I Walk the Line,71,0.713,
212515,Country,Toby Keith,"Courtesy Of The Red, White And Blue (The Angry American)",65,0.414,
212525,Country,Frankie Ballard,Sunshine & Whiskey,66,0.67,
212552,Country,Dierks Bentley,Black,65,0.663,
212583,Country,James Barker Band,Chills,67,0.658,
212927,Country,Silver,Wham Bam Shang-A-Lang,67,0.65,
213323,Country,The Marshall Tucker Band,Can't You See,69,0.406,
214191,Country,The Guess Who,American Woman - Remastered,66,0.55,
214286,Country,Little River Band,Reminiscing - Remastered,62,0.54,
221785,Rock,Twenty One Pilots,Leave The City,70,0.506,
221841,Rock,The Guess Who,American Woman - Remastered,66,0.55,
221855,Rock,Phillip Phillips,"Gone, Gone, Gone",68,0.662,
221856,Rock,MISSIO,Bottom Of The Deep Blue Sea,67,0.573,
221857,Rock,The Band CAMINO,14-Feb,68,0.607,
221883,Rock,Creedence Clearwater Revival,Lookin' Out My Back Door,68,0.745,
221900,Rock,Her's,Cool with You,66,0.533,
221926,Rock,Twenty One Pilots,Hometown,69,0.683,
221930,Rock,Noah Kahan,False Confidence,73,0.417,
221931,Rock,Vance Joy,Like Gold,68,0.477,
221942,Rock,Frankie Ballard,Sunshine & Whiskey,66,0.67,
221963,Rock,Big Brother & The Holding Company,Piece of My Heart,69,0.443,
221966,Rock,Passion Pit,Take a Walk,68,0.566,
222041,Rock,Gus Dapperton,"Prune, You Talk Funny",66,0.57,
222046,Rock,A R I Z O N A,Freaking Out,70,0.661,
222051,Rock,The Black Keys,Little Black Submarines,66,0.365,
222069,Rock,The Score,Revolution,66,0.572,
222101,Rock,Dierks Bentley,Black,66,0.663,
222142,Rock,Passion Pit,Sleepyhead,66,0.568,
222145,Rock,Kings of Leon,Closer,67,0.398,
222157,Rock,OneRepublic,Good Life,70,0.636,
222159,Rock,The Lumineers,Stubborn Love,66,0.598,
222163,Rock,Silver,Wham Bam Shang-A-Lang,67,0.65,
222184,Rock,Glass Animals,Life Itself,65,0.699,
222207,Rock,Vansire,Nice to See You,65,0.539,
222219,Rock,10cc,I'm Not In Love,70,0.401,
222241,Rock,Led Zeppelin,Babe I'm Gonna Leave You - 1990 Remaster,65,0.404,
222299,Rock,Bryce Fox,Horns,66,0.49,
222309,Rock,Arctic Monkeys,Knee Socks,69,0.665,
222346,Rock,Little River Band,Reminiscing - Remastered,62,0.54,
222363,Rock,Supertramp,Take The Long Way Home - 2010 Remastered,65,0.414,
222434,Rock,John Mayer,Stop This Train,67,0.619,
222475,Rock,Fleet Foxes,"If You Need To, Keep Time On Me",69,0.521,
222479,Rock,Norman Greenbaum,Spirit In The Sky,65,0.604,
222523,Rock,Granger Smith,Happens Like That,68,0.557,
222530,Rock,for KING & COUNTRY,joy.,67,0.68,
222532,Rock,Gin Wigmore,Kill Of The Night,67,0.502,
222563,Rock,The Beatles,Oh! Darling - Remastered 2009,66,0.422,
222666,Rock,The National,I Need My Girl,69,0.523,
222697,Rock,Papa Roach,Elevate,70,0.666,
222698,Rock,The Buggles,Video Killed The Radio Star,65,0.675,
222714,Rock,The Neighbourhood,Nervous,67,0.589,
222723,Rock,Andy Grammer,Keep Your Head Up,67,0.674,
222758,Rock,Mat Kearney,Memorized,65,0.547,
222780,Rock,Barns Courtney,Kicks,66,0.64,
222781,Rock,Casting Crowns,Only Jesus,66,0.572,
222841,Rock,Christopher Cross,Arthur's Theme (Best That You Can Do),70,0.526,
222866,Rock,James Barker Band,Chills,67,0.658,
222867,Rock,one sonic society,Great Are You Lord,66,0.492,
222879,Rock,Bring Me The Horizon,Follow You,68,0.54,
222913,Rock,Simple Plan,Perfect,68,0.494,
222964,Rock,Thirty Seconds To Mars,This Is War,66,0.404,
223036,Rock,Bring Me The Horizon,i don't know what to say,68,0.499,
223254,Rock,Hunter Hayes,Dear God,65,0.63,
223272,Rock,Temple Of The Dog,Hunger Strike - 25th Anniversary Mix,66,0.384,
223345,Rock,The Head and the Heart,Don't Dream It's Over,66,0.433,
223682,Rock,Red Hot Chili Peppers,Sick Love,66,0.591,
223697,Rock,Michael W. Smith,Surrounded (Fight My Battles),65,0.483,
223725,Rock,Freddie Mercury,Mr. Bad Guy,55,0.622,
223840,Rock,The xx,On Hold,67,0.723,
224105,Rock,U2,Where The Streets Have No Name - Remastered,65,0.495,
224120,Rock,Nelly Furtado,I'm Like A Bird,71,0.616,
224126,Rock,Hillsong UNITED,Touch The Sky,59,0.507,
224238,Rock,Villagers,Nothing Arrived - Live from Spotify London,70,0.579,
224247,Rock,Alanis Morissette,Ironic - 2015 Remaster,71,0.408,
224382,Rock,Fleet Foxes,Blue Ridge Mountains,60,0.524,
224524,Rock,Lou Reed,Perfect Day,68,0.4,
224642,Rock,KT Tunstall,Suddenly I See,69,0.587,
224996,Rock,León Larregui,Brillas,73,0.625,
225063,Rock,Natalia Lafourcade,Hasta la Raíz,72,0.585,
225256,Rock,Led Zeppelin,Bron-Y-Aur Stomp - Remastered,55,0.525,
225456,Rock,Zoé,Azul,69,0.516,
225564,Rock,Led Zeppelin,Bring It on Home - Remastered,55,0.345,
225652,Rock,Sonic Youth,Superstar,59,0.372,
226029,Rock,Pink Floyd,What Do You Want from Me,57,0.515,
226401,Rock,Heroes Del Silencio,Maldito duende,67,0.374,
226424,Rock,La Mosca Tse-Tse,Para No Verte Más,71,0.658,
227644,Soul,Alex Lustig,In the End,54,0.71,
